u,v,line,operator,kind,km
あざみ野_0,たまプラーザ_0,田園都市線,東急電鉄,rail,1.136
あざみ野_0,江田_0,田園都市線,東急電鉄,rail,1.162
あざみ野_0,中川_0,3号線,横浜市,rail,1.531
いずみ中央_0,ゆめが丘_0,相鉄いずみ野線,相模鉄道,rail,1.172
いずみ中央_0,いずみ野_0,相鉄いずみ野線,相模鉄道,rail,2.194
いずみ野_0,弥生台_0,相鉄いずみ野線,相模鉄道,rail,1.073
おゆみ野_0,ちはら台_0,千原線,京成電鉄,rail,2.058
おゆみ野_0,学園前_0,千原線,京成電鉄,rail,1.582
お台場海浜公園_0,台場_0,東京臨海新交通臨海線,ゆりかもめ,rail,0.781
お台場海浜公園_0,芝浦ふ頭_0,東京臨海新交通臨海線,ゆりかもめ,rail,2.323
お花茶屋_0,青砥_0,本線,京成電鉄,rail,1.614
お花茶屋_0,堀切菖蒲園_0,本線,京成電鉄,rail,1.119
かしわ台_0,海老名_0,相鉄本線,相模鉄道,rail,2.724
かしわ台_0,さがみ野_0,相鉄本線,相模鉄道,rail,1.345
くぬぎ山_0,元山_0,松戸線,京成電鉄,rail,0.953
くぬぎ山_0,北初富_0,松戸線,京成電鉄,rail,1.677
こどもの国_0,恩田_0,こどもの国線,東急電鉄,rail,1.502
さいたま新都心_0,与野_0,東北線,東日本旅客鉄道,rail,1.123
さがみ野_0,相模大塚_0,相鉄本線,相模鉄道,rail,1.108
すずかけ台_0,つくし野_0,田園都市線,東急電鉄,rail,1.139
すずかけ台_0,南町田グランベリーパーク_0,田園都市線,東急電鉄,rail,1.248
せんげん台_0,大袋_0,伊勢崎線,東武鉄道,rail,1.295
せんげん台_0,武里_0,伊勢崎線,東武鉄道,rail,1.498
たまプラーザ_0,鷺沼_0,田園都市線,東急電鉄,rail,1.381
つきみ野_0,南町田グランベリーパーク_0,田園都市線,東急電鉄,rail,1.07
つきみ野_0,中央林間_0,田園都市線,東急電鉄,rail,1.276
つくし野_0,長津田_0,田園都市線,東急電鉄,rail,1.175
つつじヶ丘_0,柴崎_0,京王線,京王電鉄,rail,0.894
つつじヶ丘_0,仙川_0,京王線,京王電鉄,rail,1.032
とうきょうスカイツリー_0,浅草_0,伊勢崎線,東武鉄道,rail,1.101
とうきょうスカイツリー_0,押上_0,伊勢崎線,東武鉄道,rail,0.305
ときわ台_0,上板橋_0,東上本線,東武鉄道,rail,1.252
ときわ台_0,中板橋_0,東上本線,東武鉄道,rail,0.588
はるひ野_0,黒川_0,多摩線,小田急電鉄,rail,0.783
はるひ野_0,小田急永山_0,多摩線,小田急電鉄,rail,2.037
ひばりヶ丘_0,保谷_0,池袋線,西武鉄道,rail,2.133
ひばりヶ丘_0,東久留米_0,池袋線,西武鉄道,rail,1.504
ふじみ野_0,鶴瀬_0,東上本線,東武鉄道,rail,2.251
ふじみ野_0,上福岡_0,東上本線,東武鉄道,rail,1.774
みずほ台_0,柳瀬川_0,東上本線,東武鉄道,rail,1.353
みずほ台_0,鶴瀬_0,東上本線,東武鉄道,rail,1.312
みつわ台_0,都賀_0,2号線,千葉都市モノレール,rail,1.532
みつわ台_0,動物公園_0,2号線,千葉都市モノレール,rail,0.976
みどり台_0,京成稲毛_0,千葉線,京成電鉄,rail,1.763
みどり台_0,西登戸_0,千葉線,京成電鉄,rail,0.988
みなとみらい_0,新高島_0,みなとみらい21線,横浜高速鉄道,rail,0.778
みなとみらい_0,馬車道_0,みなとみらい21線,横浜高速鉄道,rail,0.992
みのり台_0,松戸新田_0,松戸線,京成電鉄,rail,0.601
みのり台_0,八柱_0,松戸線,京成電鉄,rail,0.849
みらい平_0,守谷_0,常磐新線,首都圏新都市鉄道,rail,6.599
めじろ台_0,狭間_0,高尾線,京王電鉄,rail,1.406
めじろ台_0,山田_0,高尾線,京王電鉄,rail,1.137
ゆめが丘_0,湘南台_0,相鉄いずみ野線,相模鉄道,rail,1.945
ゆめが丘_0,下飯田_0,(walk),(walk),transfer,0.256
ゆめみ野_0,新取手_0,常総線,関東鉄道,rail,0.73
ゆめみ野_0,稲戸井_0,常総線,関東鉄道,rail,1.263
スポーツセンター_0,動物公園_0,2号線,千葉都市モノレール,rail,1.145
スポーツセンター_0,穴川_0,2号線,千葉都市モノレール,rail,0.588
センター北_0,中川_0,3号線,横浜市,rail,1.531
センター北_0,センター南_0,4号線,横浜市,rail,0.931
センター北_0,北山田_0,4号線,横浜市,rail,1.727
センター南_0,仲町台_0,3号線,横浜市,rail,2.267
センター南_0,都筑ふれあいの丘_0,4号線,横浜市,rail,1.626
テレコムセンター_0,青海_0,東京臨海新交通臨海線,ゆりかもめ,rail,0.973
テレコムセンター_0,東京国際クルーズターミナル_0,東京臨海新交通臨海線,ゆりかもめ,rail,0.862
ベイサイド･ステーション_0,東京ディズニーシー･ステーション_0,ディズニーリゾートライン,舞浜リゾートライン,rail,1.956
ベイサイド･ステーション_0,東京ディズニーランド･ステーション_0,ディズニーリゾートライン,舞浜リゾートライン,rail,1.119
モノレール浜松町_0,天王洲アイル_0,東京モノレール羽田空港線,東京モノレール,rail,3.987
モノレール浜松町_0,浜松町_0,(walk),(walk),transfer,0.055
モノレール浜松町_0,大門_0,(walk),(walk),transfer,0.169
ユーカリが丘_0,京成臼井_0,本線,京成電鉄,rail,2.468
ユーカリが丘_0,志津_0,本線,京成電鉄,rail,1.145
ユーカリが丘_0,地区センター_0,ユーカリが丘線,山万,rail,0.484
リゾートゲートウェイ･ステーション_0,東京ディズニーランド･ステーション_0,ディズニーリゾートライン,舞浜リゾートライン,rail,0.618
リゾートゲートウェイ･ステーション_0,東京ディズニーシー･ステーション_0,ディズニーリゾートライン,舞浜リゾートライン,rail,1.305
リゾートゲートウェイ･ステーション_0,舞浜_0,(walk),(walk),transfer,0.161
一ノ割_0,武里_0,伊勢崎線,東武鉄道,rail,1.802
一ノ割_0,春日部_0,伊勢崎線,東武鉄道,rail,2.258
一之江_0,瑞江_0,10号線新宿線,東京都,rail,1.684
一之江_0,船堀_0,10号線新宿線,東京都,rail,1.741
一橋学園_0,国分寺_0,多摩湖線,西武鉄道,rail,2.39
一橋学園_0,青梅街道_0,多摩湖線,西武鉄道,rail,1.063
七光台_0,清水公園_0,野田線,東武鉄道,rail,1.493
七光台_0,川間_0,野田線,東武鉄道,rail,2.161
七里_0,岩槻_0,野田線,東武鉄道,rail,2.915
七里_0,大和田_0,野田線,東武鉄道,rail,1.604
万願寺_0,高幡不動_0,多摩都市モノレール線,多摩都市モノレール,rail,1.278
万願寺_0,甲州街道_0,多摩都市モノレール線,多摩都市モノレール,rail,1.239
三ツ境_0,瀬谷_0,相鉄本線,相模鉄道,rail,1.879
三ツ境_0,希望ヶ丘_0,相鉄本線,相模鉄道,rail,1.317
三ツ沢上町_0,三ツ沢下町_0,3号線,横浜市,rail,0.886
三ツ沢上町_0,片倉町_0,3号線,横浜市,rail,1.926
三ツ沢下町_0,横浜_0,3号線,横浜市,rail,1.453
三ノ輪_0,入谷_0,2号線日比谷線,東京地下鉄,rail,1.143
三ノ輪_0,南千住_0,2号線日比谷線,東京地下鉄,rail,0.824
三ノ輪橋_0,荒川一中前_0,荒川線,東京都,rail,0.294
三咲_0,二和向台_0,松戸線,京成電鉄,rail,0.728
三咲_0,滝不動_0,松戸線,京成電鉄,rail,1.342
三河島_0,日暮里_0,常磐線,東日本旅客鉄道,rail,1.281
三河島_0,南千住_0,常磐線,東日本旅客鉄道,rail,2.284
三田_0,泉岳寺_0,1号線浅草線,東京都,rail,1.453
三田_0,大門_0,1号線浅草線,東京都,rail,1.209
三田_0,白金高輪_0,6号線三田線,東京都,rail,1.637
三田_0,芝公園_0,6号線三田線,東京都,rail,0.594
三田_0,田町_0,(walk),(walk),transfer,0.291
三越前_0,大手町_0,11号線半蔵門線,東京地下鉄,rail,0.779
三越前_0,水天宮前_0,11号線半蔵門線,東京地下鉄,rail,1.248
三越前_0,神田_0,3号線銀座線,東京地下鉄,rail,0.766
三越前_0,日本橋_0,3号線銀座線,東京地下鉄,rail,0.626
三軒茶屋_0,西太子堂_0,世田谷線,東急電鉄,rail,0.265
三軒茶屋_0,池尻大橋_0,田園都市線,東急電鉄,rail,1.48
三軒茶屋_0,駒沢大学_0,田園都市線,東急電鉄,rail,1.489
三郷_0,南流山_0,武蔵野線,東日本旅客鉄道,rail,1.859
三郷_0,三郷_0,武蔵野線,東日本旅客鉄道,rail,0.0
三郷_0,新三郷_0,武蔵野線,東日本旅客鉄道,rail,2.168
三郷中央_0,八潮_0,常磐新線,首都圏新都市鉄道,rail,3.644
三郷中央_0,南流山_0,常磐新線,首都圏新都市鉄道,rail,2.841
三鷹_0,武蔵境_0,中央線,東日本旅客鉄道,rail,1.548
三鷹_0,吉祥寺_0,中央線,東日本旅客鉄道,rail,1.735
三鷹台_0,井の頭公園_0,井の頭線,京王電鉄,rail,0.824
三鷹台_0,久我山_0,井の頭線,京王電鉄,rail,1.012
上中里_0,田端_0,東北線,東日本旅客鉄道,rail,1.781
上中里_0,尾久_0,東北線,東日本旅客鉄道,rail,0.517
上中里_0,上中里_0,東北線,東日本旅客鉄道,rail,0.0
上中里_0,王子_0,東北線,東日本旅客鉄道,rail,1.018
上井草_0,井荻_0,新宿線,西武鉄道,rail,1.147
上井草_0,上石神井_0,新宿線,西武鉄道,rail,0.971
上北台_0,桜街道_0,多摩都市モノレール線,多摩都市モノレール,rail,0.75
上北沢_0,八幡山_0,京王線,京王電鉄,rail,0.821
上北沢_0,桜上水_0,京王線,京王電鉄,rail,0.741
上大岡_0,弘明寺_0,1号線,横浜市,rail,1.644
上大岡_0,屏風浦_0,本線,京浜急行電鉄,rail,2.275
上大岡_0,港南中央_0,1号線,横浜市,rail,1.032
上尾_0,北上尾_0,高崎線,東日本旅客鉄道,rail,1.685
上尾_0,宮原_0,高崎線,東日本旅客鉄道,rail,4.103
上星川_0,西谷_0,相鉄本線,相模鉄道,rail,1.893
上星川_0,和田町_0,相鉄本線,相模鉄道,rail,0.676
上本郷_0,松戸_0,松戸線,京成電鉄,rail,1.711
上本郷_0,松戸新田_0,松戸線,京成電鉄,rail,0.647
上板橋_0,東武練馬_0,東上本線,東武鉄道,rail,1.364
上永谷_0,港南中央_0,1号線,横浜市,rail,1.786
上永谷_0,下永谷_0,1号線,横浜市,rail,1.31
上溝_0,番田_0,相模線,東日本旅客鉄道,rail,1.47
上溝_0,南橋本_0,相模線,東日本旅客鉄道,rail,2.917
上町_0,世田谷_0,世田谷線,東急電鉄,rail,0.419
上町_0,宮の坂_0,世田谷線,東急電鉄,rail,0.474
上石神井_0,武蔵関_0,新宿線,西武鉄道,rail,1.449
上福岡_0,新河岸_0,東上本線,東武鉄道,rail,2.313
上総三又_0,上総山田_0,小湊鐵道線,小湊鐵道,rail,1.34
上総三又_0,海士有木_0,小湊鐵道線,小湊鐵道,rail,1.847
上総山田_0,光風台_0,小湊鐵道線,小湊鐵道,rail,2.028
上総村上_0,海士有木_0,小湊鐵道線,小湊鐵道,rail,2.856
上総村上_0,五井_0,小湊鐵道線,小湊鐵道,rail,2.509
上総清川_0,東清川_0,久留里線,東日本旅客鉄道,rail,1.86
上総清川_0,祇園_0,久留里線,東日本旅客鉄道,rail,1.61
上野_0,仲御徒町_0,2号線日比谷線,東京地下鉄,rail,0.557
上野_0,入谷_0,2号線日比谷線,東京地下鉄,rail,1.213
上野_0,稲荷町_0,3号線銀座線,東京地下鉄,rail,0.613
上野_0,上野広小路_0,3号線銀座線,東京地下鉄,rail,0.554
上野_0,御徒町_0,東北線,東日本旅客鉄道,rail,0.669
上野_0,鶯谷_0,東北線,東日本旅客鉄道,rail,0.974
上野_0,上野_0,東北線,東日本旅客鉄道,rail,0.0
上野広小路_0,末広町_0,3号線銀座線,東京地下鉄,rail,0.571
上野広小路_0,上野御徒町_0,(walk),(walk),transfer,0.05
上野広小路_0,御徒町_0,(walk),(walk),transfer,0.167
上野広小路_0,湯島_0,(walk),(walk),transfer,0.294
上野御徒町_0,新御徒町_0,12号線大江戸線,東京都,rail,0.807
上野御徒町_0,本郷三丁目_0,12号線大江戸線,東京都,rail,1.156
上野御徒町_0,御徒町_0,(walk),(walk),transfer,0.172
上野毛_0,等々力_0,大井町線,東急電鉄,rail,0.923
上野毛_0,二子玉川_0,大井町線,東急電鉄,rail,1.248
下丸子_0,鵜の木_0,東急多摩川線,東急電鉄,rail,0.641
下丸子_0,武蔵新田_0,東急多摩川線,東急電鉄,rail,0.745
下井草_0,鷺ノ宮_0,新宿線,西武鉄道,rail,1.376
下井草_0,井荻_0,新宿線,西武鉄道,rail,0.83
下北沢_0,新代田_0,井の頭線,京王電鉄,rail,0.479
下北沢_0,池ノ上_0,井の頭線,京王電鉄,rail,0.638
下北沢_0,世田谷代田_0,小田原線,小田急電鉄,rail,0.631
下北沢_0,東北沢_0,小田原線,小田急電鉄,rail,0.68
下山口_0,西武球場前_0,狭山線,西武鉄道,rail,2.2
下山口_0,西所沢_0,狭山線,西武鉄道,rail,1.942
下板橋_0,大山_0,東上本線,東武鉄道,rail,1.25
下板橋_0,北池袋_0,東上本線,東武鉄道,rail,0.579
下永谷_0,舞岡_0,1号線,横浜市,rail,0.718
下溝_0,相武台下_0,相模線,東日本旅客鉄道,rail,2.943
下溝_0,原当麻_0,相模線,東日本旅客鉄道,rail,1.281
下神明_0,大井町_0,大井町線,東急電鉄,rail,0.722
下神明_0,戸越公園_0,大井町線,東急電鉄,rail,0.729
下総中山_0,本八幡_0,総武線,東日本旅客鉄道,rail,1.593
下総中山_0,西船橋_0,総武線,東日本旅客鉄道,rail,1.519
下落合_0,高田馬場_0,新宿線,西武鉄道,rail,1.225
下落合_0,中井_0,新宿線,西武鉄道,rail,0.794
下赤塚_0,成増_0,東上本線,東武鉄道,rail,1.337
下赤塚_0,東武練馬_0,東上本線,東武鉄道,rail,1.619
下赤塚_0,地下鉄赤塚_0,(walk),(walk),transfer,0.095
下郡_0,馬来田_0,久留里線,東日本旅客鉄道,rail,1.351
下飯田_0,立場_0,1号線,横浜市,rail,2.12
下飯田_0,湘南台_0,1号線,横浜市,rail,1.805
下高井戸_0,桜上水_0,京王線,京王電鉄,rail,0.972
下高井戸_0,明大前_0,京王線,京王電鉄,rail,0.817
下高井戸_0,松原_0,世田谷線,東急電鉄,rail,0.669
不動前_0,武蔵小山_0,目黒線,東急電鉄,rail,0.963
不動前_0,目黒_0,目黒線,東急電鉄,rail,0.891
与野_0,北浦和_0,東北線,東日本旅客鉄道,rail,1.5
与野本町_0,北与野_0,東北線,東日本旅客鉄道,rail,1.17
与野本町_0,南与野_0,東北線,東日本旅客鉄道,rail,1.573
世田谷_0,松陰神社前_0,世田谷線,東急電鉄,rail,0.378
世田谷代田_0,梅ヶ丘_0,小田原線,小田急電鉄,rail,0.774
両国_0,森下_0,12号線大江戸線,東京都,rail,0.975
両国_0,両国_0,総武線,東日本旅客鉄道,rail,0.0
両国_0,浅草橋_0,総武線,東日本旅客鉄道,rail,0.908
両国_0,錦糸町_0,総武線,東日本旅客鉄道,rail,1.744
並木中央_0,幸浦_0,金沢シーサイドライン,横浜シーサイドライン,rail,0.788
並木中央_0,並木北_0,金沢シーサイドライン,横浜シーサイドライン,rail,0.729
並木北_0,鳥浜_0,金沢シーサイドライン,横浜シーサイドライン,rail,0.586
中井_0,東中野_0,12号線大江戸線,東京都,rail,0.772
中井_0,落合南長崎_0,12号線大江戸線,東京都,rail,1.28
中井_0,新井薬師前_0,新宿線,西武鉄道,rail,1.293
中央大学・明星大学_0,大塚・帝京大学_0,多摩都市モノレール線,多摩都市モノレール,rail,0.912
中央大学・明星大学_0,多摩動物公園_0,多摩都市モノレール線,多摩都市モノレール,rail,1.036
中央林間_0,南林間_0,江ノ島線,小田急電鉄,rail,1.443
中央林間_0,東林間_0,江ノ島線,小田急電鉄,rail,1.423
中学校_0,女子大_0,ユーカリが丘線,山万,rail,0.805
中学校_0,井野_0,ユーカリが丘線,山万,rail,0.834
中山_0,十日市場_0,横浜線,東日本旅客鉄道,rail,2.425
中山_0,鴨居_0,横浜線,東日本旅客鉄道,rail,2.647
中山_0,川和町_0,4号線,横浜市,rail,1.735
中延_0,馬込_0,1号線浅草線,東京都,rail,0.981
中延_0,戸越_0,1号線浅草線,東京都,rail,1.059
中延_0,戸越公園_0,大井町線,東急電鉄,rail,0.647
中延_0,荏原町_0,大井町線,東急電鉄,rail,0.514
中村橋_0,練馬_0,池袋線,西武鉄道,rail,1.571
中村橋_0,富士見台_0,池袋線,西武鉄道,rail,0.671
中板橋_0,大山_0,東上本線,東武鉄道,rail,1.191
中河原_0,聖蹟桜ヶ丘_0,京王線,京王電鉄,rail,1.553
中河原_0,分倍河原_0,京王線,京王電鉄,rail,1.544
中浦和_0,南与野_0,東北線,東日本旅客鉄道,rail,1.616
中浦和_0,武蔵浦和_0,東北線,東日本旅客鉄道,rail,1.269
中田_0,踊場_0,1号線,横浜市,rail,0.902
中田_0,立場_0,1号線,横浜市,rail,1.049
中目黒_0,恵比寿_0,2号線日比谷線,東京地下鉄,rail,1.045
中目黒_0,祐天寺_0,東横線,東急電鉄,rail,1.072
中目黒_0,代官山_0,東横線,東急電鉄,rail,0.377
中目黒_0,中目黒_0,東横線,東急電鉄,rail,0.0
中神_0,東中神_0,青梅線,東日本旅客鉄道,rail,0.859
中神_0,昭島_0,青梅線,東日本旅客鉄道,rail,1.357
中野_0,落合_0,5号線東西線,東京地下鉄,rail,1.986
中野_0,中野_0,中央線,東日本旅客鉄道,rail,0.0
中野_0,高円寺_0,中央線,東日本旅客鉄道,rail,1.454
中野坂上_0,西新宿_0,4号線丸ノ内線,東京地下鉄,rail,0.984
中野坂上_0,新中野_0,4号線丸ノ内線,東京地下鉄,rail,1.154
中野坂上_0,中野新橋_0,4号線丸ノ内線分岐線,東京地下鉄,rail,1.331
中野坂上_0,西新宿五丁目_0,12号線大江戸線,東京都,rail,1.174
中野坂上_0,東中野_0,12号線大江戸線,東京都,rail,1.069
中野富士見町_0,中野新橋_0,4号線丸ノ内線分岐線,東京地下鉄,rail,0.546
中野富士見町_0,方南町_0,4号線丸ノ内線分岐線,東京地下鉄,rail,1.36
中野島_0,登戸_0,南武線,東日本旅客鉄道,rail,2.102
中野島_0,稲田堤_0,南武線,東日本旅客鉄道,rail,1.422
丸山_0,沼南_0,伊奈線,埼玉新都市交通,rail,0.96
丸山_0,志久_0,伊奈線,埼玉新都市交通,rail,1.296
乃木坂_0,赤坂_0,9号線千代田線,東京地下鉄,rail,1.14
乃木坂_0,表参道_0,9号線千代田線,東京地下鉄,rail,1.547
久が原_0,千鳥町_0,池上線,東急電鉄,rail,0.886
久が原_0,御嶽山_0,池上線,東急電鉄,rail,0.707
久喜_0,新白岡_0,東北線,東日本旅客鉄道,rail,3.109
久喜_0,和戸_0,伊勢崎線,東武鉄道,rail,3.889
久地_0,津田山_0,南武線,東日本旅客鉄道,rail,1.022
久地_0,宿河原_0,南武線,東日本旅客鉄道,rail,1.388
久我山_0,富士見ヶ丘_0,井の頭線,京王電鉄,rail,0.805
久米川_0,小平_0,新宿線,西武鉄道,rail,2.004
久米川_0,東村山_0,新宿線,西武鉄道,rail,1.396
九品仏_0,自由が丘_0,大井町線,東急電鉄,rail,0.769
九品仏_0,尾山台_0,大井町線,東急電鉄,rail,0.648
九段下_0,半蔵門_0,11号線半蔵門線,東京地下鉄,rail,1.584
九段下_0,神保町_0,10号線新宿線,東京都,rail,0.63
九段下_0,竹橋_0,5号線東西線,東京地下鉄,rail,0.9
九段下_0,飯田橋_0,5号線東西線,東京地下鉄,rail,0.748
九段下_0,市ヶ谷_0,10号線新宿線,東京都,rail,1.395
亀戸_0,錦糸町_0,総武線,東日本旅客鉄道,rail,1.114
亀戸_0,平井_0,総武線,東日本旅客鉄道,rail,1.903
亀戸_0,亀戸水神_0,亀戸線,東武鉄道,rail,0.672
亀戸水神_0,東あずま_0,亀戸線,東武鉄道,rail,0.851
亀有_0,綾瀬_0,常磐線,東日本旅客鉄道,rail,2.135
亀有_0,金町_0,常磐線,東日本旅客鉄道,rail,2.099
二俣川_0,南万騎が原_0,相鉄いずみ野線,相模鉄道,rail,1.56
二俣川_0,希望ヶ丘_0,相鉄本線,相模鉄道,rail,1.837
二俣川_0,鶴ヶ峰_0,相鉄本線,相模鉄道,rail,2.075
二俣新町_0,南船橋_0,京葉線,東日本旅客鉄道,rail,3.339
二俣新町_0,二俣新町_0,京葉線,東日本旅客鉄道,rail,0.0
二俣新町_0,西船橋_0,京葉線,東日本旅客鉄道,rail,1.792
二和向台_0,鎌ヶ谷大仏_0,松戸線,京成電鉄,rail,0.989
二子新地_0,二子玉川_0,田園都市線,東急電鉄,rail,0.557
二子新地_0,高津_0,田園都市線,東急電鉄,rail,0.636
二子玉川_0,用賀_0,田園都市線,東急電鉄,rail,1.866
二重橋前_0,大手町_0,9号線千代田線,東京地下鉄,rail,0.544
二重橋前_0,日比谷_0,9号線千代田線,東京地下鉄,rail,0.786
五井_0,姉ヶ崎_0,内房線,東日本旅客鉄道,rail,5.832
五井_0,八幡宿_0,内房線,東日本旅客鉄道,rail,3.753
五反田_0,戸越_0,1号線浅草線,東京都,rail,1.6
五反田_0,高輪台_0,1号線浅草線,東京都,rail,0.757
五反田_0,大崎広小路_0,池上線,東急電鉄,rail,0.341
五反田_0,目黒_0,山手線,東日本旅客鉄道,rail,1.059
五反田_0,大崎_0,山手線,東日本旅客鉄道,rail,0.823
五反野_0,小菅_0,伊勢崎線,東武鉄道,rail,0.967
五反野_0,梅島_0,伊勢崎線,東武鉄道,rail,1.266
五月台_0,新百合ヶ丘_0,多摩線,小田急電鉄,rail,1.5
五月台_0,栗平_0,多摩線,小田急電鉄,rail,1.259
五香_0,常盤平_0,松戸線,京成電鉄,rail,1.823
五香_0,元山_0,松戸線,京成電鉄,rail,1.251
井の頭公園_0,吉祥寺_0,井の頭線,京王電鉄,rail,0.616
井土ヶ谷_0,南太田_0,本線,京浜急行電鉄,rail,1.24
井土ヶ谷_0,弘明寺_0,本線,京浜急行電鉄,rail,1.337
井野_0,公園_0,ユーカリが丘線,山万,rail,0.556
京急富岡_0,杉田_0,本線,京浜急行電鉄,rail,2.453
京急富岡_0,能見台_0,本線,京浜急行電鉄,rail,0.692
京急川崎_0,港町_0,大師線,京浜急行電鉄,rail,1.152
京急川崎_0,六郷土手_0,本線,京浜急行電鉄,rail,1.028
京急川崎_0,八丁畷_0,本線,京浜急行電鉄,rail,1.403
京急新子安_0,生麦_0,本線,京浜急行電鉄,rail,1.405
京急新子安_0,子安_0,本線,京浜急行電鉄,rail,1.035
京急新子安_0,新子安_0,(walk),(walk),transfer,0.17
京急東神奈川_0,神奈川新町_0,本線,京浜急行電鉄,rail,0.648
京急東神奈川_0,神奈川_0,本線,京浜急行電鉄,rail,0.98
京急東神奈川_0,東神奈川_0,(walk),(walk),transfer,0.164
京急田浦_0,追浜_0,本線,京浜急行電鉄,rail,1.678
京急蒲田_0,梅屋敷_0,本線,京浜急行電鉄,rail,0.664
京急蒲田_0,雑色_0,本線,京浜急行電鉄,rail,1.569
京急蒲田_0,糀谷_0,空港線,京浜急行電鉄,rail,1.027
京急鶴見_0,鶴見市場_0,本線,京浜急行電鉄,rail,1.468
京急鶴見_0,花月総持寺_0,本線,京浜急行電鉄,rail,0.825
京急鶴見_0,鶴見_0,(walk),(walk),transfer,0.222
京成上野_0,日暮里_0,本線,京成電鉄,rail,2.091
京成中山_0,東中山_0,本線,京成電鉄,rail,0.799
京成中山_0,鬼越_0,本線,京成電鉄,rail,0.667
京成佐倉_0,大佐倉_0,本線,京成電鉄,rail,2.031
京成佐倉_0,京成臼井_0,本線,京成電鉄,rail,5.327
京成八幡_0,鬼越_0,本線,京成電鉄,rail,1.002
京成八幡_0,菅野_0,本線,京成電鉄,rail,0.934
京成八幡_0,本八幡_0,(walk),(walk),transfer,0.216
京成千葉_0,新千葉_0,千葉線,京成電鉄,rail,0.53
京成千葉_0,千葉中央_0,千葉線,京成電鉄,rail,0.578
京成千葉_0,千葉_0,(walk),(walk),transfer,0.161
京成大久保_0,実籾_0,本線,京成電鉄,rail,1.773
京成大久保_0,京成津田沼_0,本線,京成電鉄,rail,2.378
京成大和田_0,勝田台_0,本線,京成電鉄,rail,1.626
京成大和田_0,八千代台_0,本線,京成電鉄,rail,2.045
京成小岩_0,江戸川_0,本線,京成電鉄,rail,1.221
京成小岩_0,京成高砂_0,本線,京成電鉄,rail,1.887
京成幕張_0,京成幕張本郷_0,千葉線,京成電鉄,rail,1.901
京成幕張_0,検見川_0,千葉線,京成電鉄,rail,1.372
京成幕張_0,幕張_0,(walk),(walk),transfer,0.187
京成幕張本郷_0,京成津田沼_0,千葉線,京成電鉄,rail,1.985
京成幕張本郷_0,幕張本郷_0,(walk),(walk),transfer,0.05
京成曳舟_0,押上_0,押上線,京成電鉄,rail,1.193
京成曳舟_0,八広_0,押上線,京成電鉄,rail,1.2
京成津田沼_0,谷津_0,本線,京成電鉄,rail,1.579
京成津田沼_0,新津田沼_0,松戸線,京成電鉄,rail,1.277
京成稲毛_0,検見川_0,千葉線,京成電鉄,rail,2.838
京成立石_0,四ツ木_0,押上線,京成電鉄,rail,1.449
京成立石_0,青砥_0,押上線,京成電鉄,rail,1.167
京成船橋_0,大神宮下_0,本線,京成電鉄,rail,1.298
京成船橋_0,海神_0,本線,京成電鉄,rail,1.46
京成船橋_0,船橋_0,(walk),(walk),transfer,0.217
京成西船_0,海神_0,本線,京成電鉄,rail,1.371
京成西船_0,東中山_0,本線,京成電鉄,rail,0.644
京成金町_0,柴又_0,金町線,京成電鉄,rail,1.449
京成金町_0,金町_0,(walk),(walk),transfer,0.118
京成関屋_0,堀切菖蒲園_0,本線,京成電鉄,rail,1.495
京成関屋_0,千住大橋_0,本線,京成電鉄,rail,1.383
京成関屋_0,牛田_0,(walk),(walk),transfer,0.065
京成高砂_0,東松戸_0,成田空港線,京成電鉄,rail,7.48
京成高砂_0,青砥_0,本線,京成電鉄,rail,1.129
京成高砂_0,柴又_0,金町線,京成電鉄,rail,1.057
京成高砂_0,新柴又_0,北総線,北総鉄道,rail,1.321
京橋_0,日本橋_0,3号線銀座線,東京地下鉄,rail,0.644
京橋_0,銀座_0,3号線銀座線,東京地下鉄,rail,0.723
京橋_0,宝町_0,(walk),(walk),transfer,0.213
京王よみうりランド_0,京王稲田堤_0,相模原線,京王電鉄,rail,1.346
京王よみうりランド_0,稲城_0,相模原線,京王電鉄,rail,1.635
京王八王子_0,北野_0,京王線,京王電鉄,rail,1.906
京王堀之内_0,京王多摩センター_0,相模原線,京王電鉄,rail,2.316
京王堀之内_0,南大沢_0,相模原線,京王電鉄,rail,2.185
京王多摩センター_0,京王永山_0,相模原線,京王電鉄,rail,2.306
京王多摩センター_0,多摩センター_0,(walk),(walk),transfer,0.197
京王多摩センター_0,小田急多摩センター_0,(walk),(walk),transfer,0.05
京王多摩川_0,調布_0,相模原線,京王電鉄,rail,1.327
京王多摩川_0,京王稲田堤_0,相模原線,京王電鉄,rail,1.217
京王永山_0,若葉台_0,相模原線,京王電鉄,rail,2.58
京王永山_0,小田急永山_0,(walk),(walk),transfer,0.05
京王片倉_0,山田_0,高尾線,京王電鉄,rail,1.508
京王片倉_0,北野_0,高尾線,京王電鉄,rail,1.732
人形町_0,茅場町_0,2号線日比谷線,東京地下鉄,rail,0.901
人形町_0,小伝馬町_0,2号線日比谷線,東京地下鉄,rail,0.564
人形町_0,日本橋_0,1号線浅草線,東京都,rail,0.814
人形町_0,東日本橋_0,1号線浅草線,東京都,rail,0.728
今羽_0,東宮原_0,伊奈線,埼玉新都市交通,rail,0.822
今羽_0,吉野原_0,伊奈線,埼玉新都市交通,rail,0.786
仏子_0,入間市_0,池袋線,西武鉄道,rail,2.945
仏子_0,元加治_0,池袋線,西武鉄道,rail,1.401
仙川_0,千歳烏山_0,京王線,京王電鉄,rail,1.498
代々木_0,国立競技場_0,12号線大江戸線,東京都,rail,1.502
代々木_0,新宿_0,山手線,東日本旅客鉄道,rail,0.607
代々木_0,千駄ヶ谷_0,中央線,東日本旅客鉄道,rail,0.842
代々木_0,代々木_0,山手線,東日本旅客鉄道,rail,0.0
代々木_0,原宿_0,山手線,東日本旅客鉄道,rail,1.385
代々木_0,南新宿_0,(walk),(walk),transfer,0.292
代々木上原_0,東北沢_0,小田原線,小田急電鉄,rail,0.737
代々木上原_0,代々木八幡_0,小田原線,小田急電鉄,rail,0.88
代々木上原_0,代々木公園_0,9号線千代田線,東京地下鉄,rail,0.944
代々木八幡_0,参宮橋_0,小田原線,小田急電鉄,rail,1.083
代々木八幡_0,代々木公園_0,(walk),(walk),transfer,0.092
代々木公園_0,明治神宮前_0,9号線千代田線,東京地下鉄,rail,1.303
代官山_0,渋谷_0,東横線,東急電鉄,rail,1.442
代田橋_0,明大前_0,京王線,京王電鉄,rail,0.855
代田橋_0,笹塚_0,京王線,京王電鉄,rail,0.76
仲御徒町_0,秋葉原_0,2号線日比谷線,東京地下鉄,rail,0.966
仲御徒町_0,御徒町_0,(walk),(walk),transfer,0.146
仲町台_0,新羽_0,3号線,横浜市,rail,2.369
伊勢佐木長者町_0,関内_0,1号線,横浜市,rail,0.767
伊勢佐木長者町_0,阪東橋_0,1号線,横浜市,rail,0.787
伊奈中央_0,志久_0,伊奈線,埼玉新都市交通,rail,1.049
伊奈中央_0,羽貫_0,伊奈線,埼玉新都市交通,rail,1.152
住吉_0,清澄白河_0,11号線半蔵門線,東京地下鉄,rail,2.049
住吉_0,錦糸町_0,11号線半蔵門線,東京地下鉄,rail,0.971
住吉_0,西大島_0,10号線新宿線,東京都,rail,0.958
住吉_0,菊川_0,10号線新宿線,東京都,rail,0.873
佐倉_0,物井_0,総武線,東日本旅客鉄道,rail,3.819
佐貫_0,入地_0,竜ヶ崎線,関東鉄道,rail,2.153
佐貫_0,龍ケ崎市_0,(walk),(walk),transfer,0.058
作草部_0,天台_0,2号線,千葉都市モノレール,rail,0.674
作草部_0,千葉公園_0,2号線,千葉都市モノレール,rail,0.715
保土ヶ谷_0,横浜_0,東海道線,東日本旅客鉄道,rail,2.895
保谷_0,大泉学園_0,池袋線,西武鉄道,rail,1.717
信濃町_0,四ツ谷_0,中央線,東日本旅客鉄道,rail,1.138
信濃町_0,千駄ヶ谷_0,中央線,東日本旅客鉄道,rail,0.877
元住吉_0,武蔵小杉_0,東横線,東急電鉄,rail,1.186
元住吉_0,日吉_0,東横線,東急電鉄,rail,1.496
元加治_0,東飯能_0,池袋線,西武鉄道,rail,2.225
元町・中華街_0,日本大通り_0,みなとみらい21線,横浜高速鉄道,rail,0.886
光が丘_0,練馬春日町_0,12号線大江戸線,東京都,rail,1.435
光風台_0,馬立_0,小湊鐵道線,小湊鐵道,rail,1.833
入地_0,竜ヶ崎_0,竜ヶ崎線,関東鉄道,rail,2.279
入曽_0,新所沢_0,新宿線,西武鉄道,rail,4.005
入曽_0,狭山市_0,新宿線,西武鉄道,rail,3.093
入谷_1,海老名_0,相模線,東日本旅客鉄道,rail,2.902
入谷_1,相武台下_0,相模線,東日本旅客鉄道,rail,1.69
入間市_0,稲荷山公園_0,池袋線,西武鉄道,rail,0.932
八丁堀_0,築地_0,2号線日比谷線,東京地下鉄,rail,0.955
八丁堀_0,茅場町_0,2号線日比谷線,東京地下鉄,rail,0.461
八丁堀_0,越中島_0,京葉線,東日本旅客鉄道,rail,1.554
八丁堀_0,東京_0,京葉線,東日本旅客鉄道,rail,1.225
八丁畷_0,鶴見市場_0,本線,京浜急行電鉄,rail,0.753
八丁畷_0,尻手_0,南武線,東日本旅客鉄道,rail,0.906
八丁畷_0,川崎新町_0,南武線,東日本旅客鉄道,rail,0.89
八千代中央_0,村上_0,東葉高速線,東葉高速鉄道,rail,1.463
八千代中央_0,八千代緑が丘_0,東葉高速線,東葉高速鉄道,rail,2.754
八千代台_0,実籾_0,本線,京成電鉄,rail,2.736
八千代緑が丘_0,船橋日大前_0,東葉高速線,東葉高速鉄道,rail,1.208
八坂_0,萩山_0,多摩湖線,西武鉄道,rail,0.942
八坂_0,武蔵大和_0,多摩湖線,西武鉄道,rail,2.528
八幡宿_0,浜野_0,内房線,東日本旅客鉄道,rail,2.128
八幡山_0,芦花公園_0,京王線,京王電鉄,rail,0.572
八広_0,四ツ木_0,押上線,京成電鉄,rail,0.762
八景島_0,海の公園柴口_0,金沢シーサイドライン,横浜シーサイドライン,rail,0.611
八景島_0,市大医学部_0,金沢シーサイドライン,横浜シーサイドライン,rail,1.225
八木崎_0,春日部_0,野田線,東武鉄道,rail,1.078
八木崎_0,豊春_0,野田線,東武鉄道,rail,1.868
八柱_0,常盤平_0,松戸線,京成電鉄,rail,1.776
八柱_0,新八柱_0,(walk),(walk),transfer,0.092
八潮_0,六町_0,常磐新線,首都圏新都市鉄道,rail,3.643
八王子_0,豊田_0,中央線,東日本旅客鉄道,rail,4.314
八王子_0,西八王子_0,中央線,東日本旅客鉄道,rail,2.576
八王子_0,北八王子_0,八高線,東日本旅客鉄道,rail,3.057
八王子_0,片倉_0,横浜線,東日本旅客鉄道,rail,2.424
八王子みなみ野_0,片倉_0,横浜線,東日本旅客鉄道,rail,1.36
八王子みなみ野_0,相原_0,横浜線,東日本旅客鉄道,rail,2.703
公園_0,女子大_0,ユーカリが丘線,山万,rail,0.813
公園_0,地区センター_0,ユーカリが丘線,山万,rail,0.524
公園_0,公園_0,ユーカリが丘線,山万,rail,0.0
六会日大前_0,善行_0,江ノ島線,小田急電鉄,rail,2.374
六会日大前_0,湘南台_0,江ノ島線,小田急電鉄,rail,1.47
六実_0,高柳_0,野田線,東武鉄道,rail,1.62
六実_0,新鎌ヶ谷_0,野田線,東武鉄道,rail,1.434
六本木_0,広尾_0,2号線日比谷線,東京地下鉄,rail,1.687
六本木_0,神谷町_0,2号線日比谷線,東京地下鉄,rail,1.486
六本木_0,麻布十番_0,12号線大江戸線,東京都,rail,1.097
六本木_0,青山一丁目_0,12号線大江戸線,東京都,rail,1.261
六本木一丁目_0,溜池山王_0,7号線南北線,東京地下鉄,rail,0.953
六本木一丁目_0,麻布十番_0,7号線南北線,東京地下鉄,rail,1.193
六浦_0,神武寺_0,逗子線,京浜急行電鉄,rail,2.793
六浦_0,金沢八景_0,逗子線,京浜急行電鉄,rail,1.338
六町_0,青井_0,常磐新線,首都圏新都市鉄道,rail,1.427
六郷土手_0,雑色_0,本線,京浜急行電鉄,rail,1.23
内宿_0,羽貫_0,伊奈線,埼玉新都市交通,rail,1.067
内幸町_0,御成門_0,6号線三田線,東京都,rail,0.973
内幸町_0,日比谷_0,6号線三田線,東京都,rail,0.945
分倍河原_0,府中_0,京王線,京王電鉄,rail,1.379
分倍河原_0,府中本町_0,南武線,東日本旅客鉄道,rail,0.912
分倍河原_0,西府_0,南武線,東日本旅客鉄道,rail,1.168
初台_0,幡ヶ谷_0,京王線,京王電鉄,rail,1.093
初台_0,新宿_0,京王線,京王電鉄,rail,1.424
初台_0,初台_0,京王線,京王電鉄,rail,0.0
初台_0,笹塚_0,京王線,京王電鉄,rail,2.094
初富_0,新鎌ヶ谷_0,松戸線,京成電鉄,rail,1.195
初富_0,鎌ヶ谷大仏_0,松戸線,京成電鉄,rail,2.081
初石_0,流山おおたかの森_0,野田線,東武鉄道,rail,1.51
初石_0,江戸川台_0,野田線,東武鉄道,rail,1.628
前原_0,薬園台_0,松戸線,京成電鉄,rail,1.255
前原_0,新津田沼_0,松戸線,京成電鉄,rail,1.414
加茂宮_0,鉄道博物館_0,伊奈線,埼玉新都市交通,rail,1.733
加茂宮_0,東宮原_0,伊奈線,埼玉新都市交通,rail,0.776
勝どき_0,月島_0,12号線大江戸線,東京都,rail,0.834
勝どき_0,築地市場_0,12号線大江戸線,東京都,rail,1.453
勝田台_0,志津_0,本線,京成電鉄,rail,1.723
勝田台_0,東葉勝田台_0,(walk),(walk),transfer,0.149
北上尾_0,桶川_0,高崎線,東日本旅客鉄道,rail,1.904
北与野_0,大宮_0,東北線,東日本旅客鉄道,rail,1.879
北八王子_0,小宮_0,八高線,東日本旅客鉄道,rail,2.015
北初富_0,新鎌ヶ谷_0,松戸線,京成電鉄,rail,0.854
北千住_0,南千住_0,常磐新線,首都圏新都市鉄道,rail,1.962
北千住_0,綾瀬_0,常磐線,東日本旅客鉄道,rail,2.643
北千住_0,町屋_0,9号線千代田線,東京地下鉄,rail,2.329
北千住_0,牛田_0,伊勢崎線,東武鉄道,rail,1.145
北千住_0,小菅_0,伊勢崎線,東武鉄道,rail,1.179
北千住_0,青井_0,常磐新線,首都圏新都市鉄道,rail,2.859
北千束_0,旗の台_0,大井町線,東急電鉄,rail,0.831
北千束_0,大岡山_0,大井町線,東急電鉄,rail,0.811
北参道_0,新宿三丁目_0,13号線副都心線,東京地下鉄,rail,1.435
北参道_0,明治神宮前_0,13号線副都心線,東京地下鉄,rail,1.268
北品川_0,品川_0,本線,京浜急行電鉄,rail,0.601
北品川_0,新馬場_0,本線,京浜急行電鉄,rail,0.687
北国分_0,秋山_0,北総線,北総鉄道,rail,1.574
北国分_0,矢切_0,北総線,北総鉄道,rail,1.38
北大宮_0,大宮公園_0,野田線,東武鉄道,rail,1.064
北大宮_0,大宮_0,野田線,東武鉄道,rail,1.197
北小金_0,新松戸_0,常磐線,東日本旅客鉄道,rail,1.261
北小金_0,南柏_0,常磐線,東日本旅客鉄道,rail,2.48
北山田_0,東山田_0,4号線,横浜市,rail,1.494
北府中_0,府中本町_0,武蔵野線,東日本旅客鉄道,rail,1.737
北府中_0,西国分寺_0,武蔵野線,東日本旅客鉄道,rail,2.187
北戸田_0,武蔵浦和_0,東北線,東日本旅客鉄道,rail,2.497
北戸田_0,戸田_0,東北線,東日本旅客鉄道,rail,1.282
北新横浜_0,新羽_0,3号線,横浜市,rail,0.903
北新横浜_0,新横浜_0,3号線,横浜市,rail,1.281
北春日部_0,春日部_0,伊勢崎線,東武鉄道,rail,1.398
北春日部_0,姫宮_0,伊勢崎線,東武鉄道,rail,1.685
北朝霞_0,新座_0,武蔵野線,東日本旅客鉄道,rail,3.184
北朝霞_0,西浦和_0,武蔵野線,東日本旅客鉄道,rail,4.925
北朝霞_0,朝霞台_0,(walk),(walk),transfer,0.125
北本_0,桶川_0,高崎線,東日本旅客鉄道,rail,4.669
北松戸_0,松戸_0,常磐線,東日本旅客鉄道,rail,2.025
北松戸_0,馬橋_0,常磐線,東日本旅客鉄道,rail,1.372
北柏_0,柏_0,常磐線,東日本旅客鉄道,rail,2.245
北柏_0,我孫子_0,常磐線,東日本旅客鉄道,rail,2.044
北水海道_0,水海道_0,常総線,関東鉄道,rail,1.777
北池袋_0,池袋_0,東上本線,東武鉄道,rail,1.122
北浦和_0,浦和_0,東北線,東日本旅客鉄道,rail,1.843
北綾瀬_0,綾瀬_0,9号線千代田線,東京地下鉄,rail,2.08
北習志野_0,高根木戸_0,松戸線,京成電鉄,rail,0.876
北習志野_0,習志野_0,松戸線,京成電鉄,rail,0.717
北習志野_0,船橋日大前_0,東葉高速線,東葉高速鉄道,rail,1.719
北習志野_0,飯山満_0,東葉高速線,東葉高速鉄道,rail,2.005
北赤羽_0,浮間舟渡_0,東北線,東日本旅客鉄道,rail,1.425
北越谷_0,越谷_0,伊勢崎線,東武鉄道,rail,1.677
北越谷_0,大袋_0,伊勢崎線,東武鉄道,rail,2.566
北野_0,長沼_0,京王線,京王電鉄,rail,1.096
北鎌倉_0,大船_0,横須賀線,東日本旅客鉄道,rail,2.392
北鎌倉_0,鎌倉_0,横須賀線,東日本旅客鉄道,rail,2.185
十日市場_0,長津田_0,横浜線,東日本旅客鉄道,rail,2.035
十条_0,板橋_0,赤羽線,東日本旅客鉄道,rail,1.767
十条_0,赤羽_0,赤羽線,東日本旅客鉄道,rail,1.943
千住大橋_0,町屋_0,本線,京成電鉄,rail,1.527
千城台_0,千城台北_0,2号線,千葉都市モノレール,rail,0.829
千城台北_0,小倉台_0,2号線,千葉都市モノレール,rail,0.977
千川_0,小竹向原_0,8号線有楽町線,東京地下鉄,rail,1.068
千川_0,要町_0,8号線有楽町線,東京地下鉄,rail,1.01
千歳烏山_0,芦花公園_0,京王線,京王電鉄,rail,0.774
千歳船橋_0,祖師ヶ谷大蔵_0,小田原線,小田急電鉄,rail,1.421
千歳船橋_0,経堂_0,小田原線,小田急電鉄,rail,1.167
千石_0,白山_0,6号線三田線,東京都,rail,1.103
千石_0,巣鴨_0,6号線三田線,東京都,rail,0.886
千葉_0,市役所前_0,1号線,千葉都市モノレール,rail,0.864
千葉_0,栄町_0,1号線,千葉都市モノレール,rail,0.535
千葉_0,千葉公園_0,2号線,千葉都市モノレール,rail,1.095
千葉_0,本千葉_0,外房線,東日本旅客鉄道,rail,1.611
千葉_0,東千葉_0,総武線,東日本旅客鉄道,rail,0.962
千葉_0,西千葉_0,総武線,東日本旅客鉄道,rail,1.389
千葉みなと_0,市役所前_0,1号線,千葉都市モノレール,rail,0.593
千葉ニュータウン中央_0,新鎌ヶ谷_0,成田空港線,京成電鉄,rail,11.109
千葉ニュータウン中央_0,印西牧の原_0,北総線,北総鉄道,rail,4.712
千葉ニュータウン中央_0,小室_0,北総線,北総鉄道,rail,3.992
千葉中央_0,千葉寺_0,千原線,京成電鉄,rail,2.453
千葉中央_0,葭川公園_0,(walk),(walk),transfer,0.26
千葉寺_0,大森台_0,千原線,京成電鉄,rail,1.819
千駄木_0,西日暮里_0,9号線千代田線,東京地下鉄,rail,0.862
千駄木_0,根津_0,9号線千代田線,東京地下鉄,rail,1.037
千鳥町_0,池上_0,池上線,東急電鉄,rail,1.07
半蔵門_0,永田町_0,11号線半蔵門線,東京地下鉄,rail,0.967
南万騎が原_0,緑園都市_0,相鉄いずみ野線,相模鉄道,rail,1.532
南千住_0,浅草_0,常磐新線,首都圏新都市鉄道,rail,2.539
南古谷_0,川越_0,川越線,東日本旅客鉄道,rail,3.593
南古谷_0,指扇_0,川越線,東日本旅客鉄道,rail,4.675
南多摩_0,稲城長沼_0,南武線,東日本旅客鉄道,rail,1.336
南多摩_0,府中本町_0,南武線,東日本旅客鉄道,rail,2.349
南大塚_0,新狭山_0,新宿線,西武鉄道,rail,2.523
南大塚_0,本川越_0,新宿線,西武鉄道,rail,3.652
南大沢_0,多摩境_0,相模原線,京王電鉄,rail,1.841
南太田_0,黄金町_0,本線,京浜急行電鉄,rail,0.872
南守谷_0,戸頭_0,常総線,関東鉄道,rail,1.166
南守谷_0,守谷_0,常総線,関東鉄道,rail,2.169
南平_0,平山城址公園_0,京王線,京王電鉄,rail,1.452
南平_0,高幡不動_0,京王線,京王電鉄,rail,2.26
南新宿_0,参宮橋_0,小田原線,小田急電鉄,rail,0.721
南新宿_0,新宿_0,小田原線,小田急電鉄,rail,0.934
南林間_0,鶴間_0,江ノ島線,小田急電鉄,rail,0.607
南柏_0,柏_0,常磐線,東日本旅客鉄道,rail,2.47
南桜井_0,川間_0,野田線,東武鉄道,rail,2.379
南桜井_0,藤の牛島_0,野田線,東武鉄道,rail,2.752
南橋本_0,橋本_0,相模線,東日本旅客鉄道,rail,1.955
南流山_0,新松戸_0,武蔵野線,東日本旅客鉄道,rail,2.067
南流山_0,流山セントラルパーク_0,常磐新線,首都圏新都市鉄道,rail,2.189
南浦和_0,南浦和_0,東北線,東日本旅客鉄道,rail,0.0
南浦和_0,浦和_0,東北線,東日本旅客鉄道,rail,1.577
南浦和_0,蕨_0,東北線,東日本旅客鉄道,rail,2.959
南浦和_0,武蔵浦和_0,武蔵野線,東日本旅客鉄道,rail,1.958
南浦和_0,東浦和_0,武蔵野線,東日本旅客鉄道,rail,3.709
南砂町_0,西葛西_0,5号線東西線,東京地下鉄,rail,2.575
南砂町_0,東陽町_0,5号線東西線,東京地下鉄,rail,1.303
南船橋_0,新習志野_0,京葉線,東日本旅客鉄道,rail,2.296
南行徳_0,行徳_0,5号線東西線,東京地下鉄,rail,1.538
南行徳_0,浦安_0,5号線東西線,東京地下鉄,rail,1.12
南越谷_0,東川口_0,武蔵野線,東日本旅客鉄道,rail,4.264
南越谷_0,越谷レイクタウン_0,武蔵野線,東日本旅客鉄道,rail,2.81
南越谷_0,新越谷_0,(walk),(walk),transfer,0.132
南部市場_0,鳥浜_0,金沢シーサイドライン,横浜シーサイドライン,rail,0.869
南部市場_0,新杉田_0,金沢シーサイドライン,横浜シーサイドライン,rail,1.304
南阿佐ヶ谷_0,新高円寺_0,4号線丸ノ内線,東京地下鉄,rail,1.205
南阿佐ヶ谷_0,荻窪_0,4号線丸ノ内線,東京地下鉄,rail,1.572
南鳩ヶ谷_0,川口元郷_0,埼玉高速鉄道線,埼玉高速鉄道,rail,1.885
南鳩ヶ谷_0,鳩ヶ谷_0,埼玉高速鉄道線,埼玉高速鉄道,rail,1.676
厚木_0,海老名_0,相模線,東日本旅客鉄道,rail,1.651
原宿_0,渋谷_0,山手線,東日本旅客鉄道,rail,1.478
原市_0,吉野原_0,伊奈線,埼玉新都市交通,rail,0.767
原市_0,沼南_0,伊奈線,埼玉新都市交通,rail,0.806
原当麻_0,番田_0,相模線,東日本旅客鉄道,rail,2.136
原木中山_0,西船橋_0,5号線東西線,東京地下鉄,rail,1.929
原木中山_0,妙典_0,5号線東西線,東京地下鉄,rail,2.107
反町_0,東白楽_0,東横線,東急電鉄,rail,1.171
反町_0,横浜_0,東横線,東急電鉄,rail,0.941
取手_0,藤代_0,常磐線,東日本旅客鉄道,rail,5.882
取手_0,取手_0,常磐線,東日本旅客鉄道,rail,0.0
取手_0,西取手_0,常総線,関東鉄道,rail,1.469
古淵_0,淵野辺_0,横浜線,東日本旅客鉄道,rail,2.545
古淵_0,町田_0,横浜線,東日本旅客鉄道,rail,2.952
台場_0,東京国際クルーズターミナル_0,東京臨海新交通臨海線,ゆりかもめ,rail,0.618
吉川_0,越谷レイクタウン_0,武蔵野線,東日本旅客鉄道,rail,1.896
吉川_0,吉川美南_0,武蔵野線,東日本旅客鉄道,rail,1.666
吉川美南_0,新三郷_0,武蔵野線,東日本旅客鉄道,rail,1.49
吉祥寺_0,西荻窪_0,中央線,東日本旅客鉄道,rail,1.779
吉野町_0,阪東橋_0,1号線,横浜市,rail,0.657
吉野町_0,蒔田_0,1号線,横浜市,rail,0.934
向ヶ丘遊園_0,生田_0,小田原線,小田急電鉄,rail,2.112
向ヶ丘遊園_0,登戸_0,小田原線,小田急電鉄,rail,0.584
向原_0,東池袋四丁目_0,荒川線,東京都,rail,0.527
向原_0,大塚駅前_0,荒川線,東京都,rail,0.555
向河原_0,平間_0,南武線,東日本旅客鉄道,rail,1.334
向河原_0,武蔵小杉_0,南武線,東日本旅客鉄道,rail,0.974
和光市_0,地下鉄成増_0,8号線有楽町線,東京地下鉄,rail,2.187
和光市_0,朝霞_0,東上本線,東武鉄道,rail,1.551
和光市_0,成増_0,東上本線,東武鉄道,rail,2.188
和戸_0,東武動物公園_0,伊勢崎線,東武鉄道,rail,2.861
和泉多摩川_0,登戸_0,小田原線,小田急電鉄,rail,0.846
和泉多摩川_0,狛江_0,小田原線,小田急電鉄,rail,0.631
和田町_0,星川_0,相鉄本線,相模鉄道,rail,1.034
品川_0,泉岳寺_0,本線,京浜急行電鉄,rail,1.188
品川_0,大崎_0,山手線,東日本旅客鉄道,rail,2.081
品川_0,高輪ゲートウェイ_0,東海道線,東日本旅客鉄道,rail,0.819
品川_0,品川_0,東海道線,東日本旅客鉄道,rail,0.0
品川_0,大井町_0,東海道線,東日本旅客鉄道,rail,2.365
品川シーサイド_0,天王洲アイル_0,臨海副都心線,東京臨海高速鉄道,rail,1.217
品川シーサイド_0,大井町_0,臨海副都心線,東京臨海高速鉄道,rail,1.601
唐木田_0,小田急多摩センター_0,多摩線,小田急電鉄,rail,1.525
喜多見_0,狛江_0,小田原線,小田急電鉄,rail,0.99
喜多見_0,成城学園前_0,小田原線,小田急電鉄,rail,1.185
四ツ谷_0,赤坂見附_0,4号線丸ノ内線,東京地下鉄,rail,1.163
四ツ谷_0,四谷三丁目_0,4号線丸ノ内線,東京地下鉄,rail,1.16
四ツ谷_0,市ヶ谷_0,中央線,東日本旅客鉄道,rail,0.786
四ツ谷_0,永田町_0,7号線南北線,東京地下鉄,rail,1.428
四街道_0,物井_0,総武線,東日本旅客鉄道,rail,4.179
四街道_0,都賀_0,総武線,東日本旅客鉄道,rail,3.513
四谷三丁目_0,新宿御苑前_0,4号線丸ノ内線,東京地下鉄,rail,0.775
国会議事堂前_0,霞ヶ関_0,9号線千代田線,東京地下鉄,rail,0.834
国会議事堂前_0,赤坂見附_0,4号線丸ノ内線,東京地下鉄,rail,0.964
国会議事堂前_0,赤坂_0,9号線千代田線,東京地下鉄,rail,0.661
国分寺_0,西国分寺_0,中央線,東日本旅客鉄道,rail,1.352
国分寺_0,武蔵小金井_0,中央線,東日本旅客鉄道,rail,2.272
国分寺_0,恋ヶ窪_0,国分寺線,西武鉄道,rail,2.181
国府台_0,市川真間_0,本線,京成電鉄,rail,0.969
国府台_0,江戸川_0,本線,京成電鉄,rail,0.724
国立_0,立川_0,中央線,東日本旅客鉄道,rail,2.658
国立_0,西国分寺_0,中央線,東日本旅客鉄道,rail,1.767
国立競技場_0,青山一丁目_0,12号線大江戸線,東京都,rail,1.255
国道_0,鶴見_0,鶴見線,東日本旅客鉄道,rail,0.829
国道_0,鶴見小野_0,鶴見線,東日本旅客鉄道,rail,0.672
国道_0,花月総持寺_0,(walk),(walk),transfer,0.263
国際展示場_0,東雲_0,臨海副都心線,東京臨海高速鉄道,rail,1.337
国際展示場_0,東京テレポート_0,臨海副都心線,東京臨海高速鉄道,rail,1.478
国際展示場_0,有明_0,(walk),(walk),transfer,0.15
国領_0,布田_0,京王線,京王電鉄,rail,0.624
国領_0,柴崎_0,京王線,京王電鉄,rail,0.854
土呂_0,大宮_0,東北線,東日本旅客鉄道,rail,3.067
土呂_0,東大宮_0,東北線,東日本旅客鉄道,rail,1.967
地下鉄成増_0,地下鉄赤塚_0,8号線有楽町線,東京地下鉄,rail,1.411
地下鉄成増_0,成増_0,(walk),(walk),transfer,0.185
地下鉄赤塚_0,平和台_1,8号線有楽町線,東京地下鉄,rail,1.847
堀切_0,鐘ヶ淵_0,伊勢崎線,東武鉄道,rail,1.163
堀切_0,牛田_0,伊勢崎線,東武鉄道,rail,0.562
塚田_0,馬込沢_0,野田線,東武鉄道,rail,2.396
塚田_0,新船橋_0,野田線,東武鉄道,rail,1.223
増尾_0,新柏_0,野田線,東武鉄道,rail,1.244
増尾_0,逆井_0,野田線,東武鉄道,rail,0.986
外苑前_0,青山一丁目_0,3号線銀座線,東京地下鉄,rail,0.632
外苑前_0,表参道_0,3号線銀座線,東京地下鉄,rail,0.778
多摩センター_0,松が谷_0,多摩都市モノレール線,多摩都市モノレール,rail,0.919
多摩センター_0,小田急多摩センター_0,(walk),(walk),transfer,0.187
多摩動物公園_0,高幡不動_0,動物園線,京王電鉄,rail,1.937
多摩動物公園_0,程久保_0,多摩都市モノレール線,多摩都市モノレール,rail,1.03
多摩境_0,橋本_0,相模原線,京王電鉄,rail,2.493
多摩川_0,沼部_0,東急多摩川線,東急電鉄,rail,0.909
多摩川_0,田園調布_0,東横線,東急電鉄,rail,0.574
多摩川_0,新丸子_0,東横線,東急電鉄,rail,1.244
多摩湖_0,武蔵大和_0,多摩湖線,西武鉄道,rail,1.06
多摩湖_0,西武園ゆうえんち_0,山口線,西武鉄道,rail,0.451
多磨_0,新小金井_0,多摩川線,西武鉄道,rail,2.296
多磨_0,白糸台_0,多摩川線,西武鉄道,rail,1.386
多磨霊園_0,東府中_0,京王線,京王電鉄,rail,0.665
多磨霊園_0,武蔵野台_0,京王線,京王電鉄,rail,0.869
大久保_0,新宿_0,中央線,東日本旅客鉄道,rail,1.209
大久保_0,東中野_0,中央線,東日本旅客鉄道,rail,1.366
大久保_0,新大久保_0,(walk),(walk),transfer,0.256
大井町_0,大崎_0,臨海副都心線,東京臨海高速鉄道,rail,1.749
大井町_0,大森_0,東海道線,東日本旅客鉄道,rail,2.115
大井競馬場前_0,流通センター_0,東京モノレール羽田空港線,東京モノレール,rail,1.55
大井競馬場前_0,天王洲アイル_0,東京モノレール羽田空港線,東京モノレール,rail,3.21
大倉山_0,綱島_0,東横線,東急電鉄,rail,1.681
大倉山_0,菊名_0,東横線,東急電鉄,rail,1.33
大口_0,菊名_0,横浜線,東日本旅客鉄道,rail,2.65
大口_0,東神奈川_0,横浜線,東日本旅客鉄道,rail,2.281
大和_0,桜ヶ丘_0,江ノ島線,小田急電鉄,rail,2.221
大和_0,鶴間_0,江ノ島線,小田急電鉄,rail,2.507
大和_0,相模大塚_0,相鉄本線,相模鉄道,rail,1.829
大和_0,瀬谷_0,相鉄本線,相模鉄道,rail,1.965
大和田_0,大宮公園_0,野田線,東武鉄道,rail,1.742
大塚_0,巣鴨_0,山手線,東日本旅客鉄道,rail,1.211
大塚_0,池袋_0,山手線,東日本旅客鉄道,rail,1.822
大塚_0,大塚駅前_0,(walk),(walk),transfer,0.138
大塚・帝京大学_0,松が谷_0,多摩都市モノレール線,多摩都市モノレール,rail,0.777
大塚駅前_0,巣鴨新田_0,荒川線,東京都,rail,0.431
大宮_0,鉄道博物館_0,伊奈線,埼玉新都市交通,rail,1.523
大宮_0,日進_0,川越線,東日本旅客鉄道,rail,3.673
大宮_0,大宮_0,東北線,東日本旅客鉄道,rail,0.0
大宮_0,宮原_0,高崎線,東日本旅客鉄道,rail,4.048
大岡山_0,緑が丘_0,大井町線,東急電鉄,rail,0.535
大岡山_0,奥沢_0,目黒線,東急電鉄,rail,1.173
大岡山_0,洗足_0,目黒線,東急電鉄,rail,0.921
大島_0,東大島_0,10号線新宿線,東京都,rail,1.186
大島_0,西大島_0,10号線新宿線,東京都,rail,0.731
大崎広小路_0,戸越銀座_0,池上線,東急電鉄,rail,1.002
大川_0,武蔵白石_0,鶴見線,東日本旅客鉄道,rail,0.838
大師前_0,西新井_0,大師線,東武鉄道,rail,0.896
大師橋_0,小島新田_0,大師線,京浜急行電鉄,rail,0.689
大師橋_0,東門前_0,大師線,京浜急行電鉄,rail,0.555
大手町_0,神保町_0,6号線三田線,東京都,rail,1.478
大手町_0,淡路町_0,4号線丸ノ内線,東京地下鉄,rail,0.898
大手町_0,東京_0,4号線丸ノ内線,東京地下鉄,rail,0.563
大手町_0,日本橋_0,5号線東西線,東京地下鉄,rail,0.778
大手町_0,竹橋_0,5号線東西線,東京地下鉄,rail,1.104
大手町_0,新御茶ノ水_0,9号線千代田線,東京地下鉄,rail,1.32
大手町_0,日比谷_0,6号線三田線,東京都,rail,0.856
大森_0,蒲田_0,東海道線,東日本旅客鉄道,rail,3.136
大森台_0,学園前_0,千原線,京成電鉄,rail,3.024
大森海岸_0,立会川_0,本線,京浜急行電鉄,rail,1.264
大森海岸_0,平和島_0,本線,京浜急行電鉄,rail,0.994
大森町_0,平和島_0,本線,京浜急行電鉄,rail,0.738
大森町_0,梅屋敷_0,本線,京浜急行電鉄,rail,0.724
大泉学園_0,石神井公園_0,池袋線,西武鉄道,rail,1.903
大町_0,新鎌ヶ谷_0,北総線,北総鉄道,rail,2.339
大町_0,松飛台_0,北総線,北総鉄道,rail,1.436
大神宮下_0,船橋競馬場_0,本線,京成電鉄,rail,0.789
大船_0,戸塚_0,東海道線,東日本旅客鉄道,rail,5.325
大船_0,本郷台_0,根岸線,東日本旅客鉄道,rail,3.313
大船_0,富士見町_0,江の島線,湘南モノレール,rail,0.912
大門_0,汐留_0,12号線大江戸線,東京都,rail,1.166
大門_0,赤羽橋_0,12号線大江戸線,東京都,rail,1.313
大門_0,新橋_0,1号線浅草線,東京都,rail,1.02
大門_0,浜松町_0,(walk),(walk),transfer,0.224
大鳥居_0,穴守稲荷_0,空港線,京浜急行電鉄,rail,0.626
大鳥居_0,糀谷_0,空港線,京浜急行電鉄,rail,1.022
天台_0,穴川_0,2号線,千葉都市モノレール,rail,0.988
天王台_0,我孫子_0,常磐線,東日本旅客鉄道,rail,2.641
天王台_0,天王台_0,常磐線,東日本旅客鉄道,rail,0.0
天王洲アイル_0,東京テレポート_0,臨海副都心線,東京臨海高速鉄道,rail,2.764
天王町_0,星川_0,相鉄本線,相模鉄道,rail,0.835
天王町_0,西横浜_0,相鉄本線,相模鉄道,rail,0.63
天空橋_0,羽田空港第3ターミナル_0,東京モノレール羽田空港線,東京モノレール,rail,1.449
天空橋_0,穴守稲荷_0,空港線,京浜急行電鉄,rail,0.762
天空橋_0,整備場_0,東京モノレール羽田空港線,東京モノレール,rail,0.763
奥沢_0,田園調布_0,目黒線,東急電鉄,rail,0.999
妙典_0,行徳_0,5号線東西線,東京地下鉄,rail,1.305
妙蓮寺_0,菊名_0,東横線,東急電鉄,rail,1.425
妙蓮寺_0,白楽_0,東横線,東急電鉄,rail,1.194
姉ヶ崎_0,長浦_0,内房線,東日本旅客鉄道,rail,5.297
姫宮_0,東武動物公園_0,伊勢崎線,東武鉄道,rail,2.571
子安_0,神奈川新町_0,本線,京浜急行電鉄,rail,0.559
学習院下_0,面影橋_0,荒川線,東京都,rail,0.472
学習院下_0,鬼子母神前_0,荒川線,東京都,rail,0.596
学芸大学_0,都立大学_0,東横線,東急電鉄,rail,1.455
学芸大学_0,祐天寺_0,東横線,東急電鉄,rail,1.059
守谷_0,新守谷_0,常総線,関東鉄道,rail,1.822
守谷_0,柏たなか_0,常磐新線,首都圏新都市鉄道,rail,5.741
安善_0,浅野_0,鶴見線,東日本旅客鉄道,rail,0.571
安善_0,武蔵白石_0,鶴見線,東日本旅客鉄道,rail,0.434
宝町_0,東銀座_0,1号線浅草線,東京都,rail,0.809
宝町_0,日本橋_0,1号線浅草線,東京都,rail,0.736
宮の坂_0,山下_0,世田谷線,東急電鉄,rail,0.753
宮ノ前_0,小台_0,荒川線,東京都,rail,0.372
宮ノ前_0,熊野前_0,荒川線,東京都,rail,0.328
宮前平_0,宮崎台_0,田園都市線,東急電鉄,rail,0.811
宮前平_0,鷺沼_0,田園都市線,東急電鉄,rail,1.058
宮崎台_0,梶が谷_0,田園都市線,東急電鉄,rail,1.536
宿河原_0,登戸_0,南武線,東日本旅客鉄道,rail,1.038
富士見ヶ丘_0,高井戸_0,井の頭線,京王電鉄,rail,0.756
富士見台_0,練馬高野台_0,池袋線,西武鉄道,rail,1.323
富士見町_0,湘南町屋_0,江の島線,湘南モノレール,rail,1.038
寺原_0,西取手_0,常総線,関東鉄道,rail,0.551
寺原_0,新取手_0,常総線,関東鉄道,rail,1.318
小伝馬町_0,秋葉原_0,2号線日比谷線,東京地下鉄,rail,0.904
小作_0,羽村_0,青梅線,東日本旅客鉄道,rail,2.382
小倉台_0,桜木_0,2号線,千葉都市モノレール,rail,1.23
小台_0,荒川遊園地前_0,荒川線,東京都,rail,0.386
小室_0,白井_0,北総線,北総鉄道,rail,2.01
小宮_0,拝島_0,八高線,東日本旅客鉄道,rail,4.751
小岩_0,新小岩_0,総武線,東日本旅客鉄道,rail,2.861
小岩_0,市川_0,総武線,東日本旅客鉄道,rail,2.648
小川_0,鷹の台_0,国分寺線,西武鉄道,rail,1.63
小川_0,東村山_0,国分寺線,西武鉄道,rail,2.497
小川_0,萩山_0,拝島線,西武鉄道,rail,1.623
小川_0,東大和市_0,拝島線,西武鉄道,rail,3.052
小川町_0,岩本町_0,10号線新宿線,東京都,rail,0.772
小川町_0,神保町_0,10号線新宿線,東京都,rail,0.886
小川町_0,新御茶ノ水_0,(walk),(walk),transfer,0.229
小川町_0,淡路町_0,(walk),(walk),transfer,0.066
小平_0,萩山_0,拝島線,西武鉄道,rail,1.215
小平_0,花小金井_0,新宿線,西武鉄道,rail,2.555
小手指_0,西所沢_0,池袋線,西武鉄道,rail,2.143
小手指_0,狭山ヶ丘_0,池袋線,西武鉄道,rail,2.19
小机_0,鴨居_0,横浜線,東日本旅客鉄道,rail,3.07
小机_0,新横浜_0,横浜線,東日本旅客鉄道,rail,1.696
小村井_0,東あずま_0,亀戸線,東武鉄道,rail,0.503
小村井_0,曳舟_0,亀戸線,東武鉄道,rail,1.491
小林_0,木下_0,成田線,東日本旅客鉄道,rail,4.305
小田急多摩センター_0,小田急永山_0,多摩線,小田急電鉄,rail,2.284
小田急相模原_0,相武台前_0,小田原線,小田急電鉄,rail,2.226
小田急相模原_0,相模大野_0,小田原線,小田急電鉄,rail,2.287
小田栄_0,川崎新町_0,南武線,東日本旅客鉄道,rail,0.683
小田栄_0,浜川崎_0,南武線,東日本旅客鉄道,rail,0.916
小竹向原_0,氷川台_0,8号線有楽町線,東京地下鉄,rail,1.446
小竹向原_0,新桜台_0,西武有楽町線,西武鉄道,rail,1.191
小絹_0,新守谷_0,常総線,関東鉄道,rail,1.65
小絹_0,水海道_0,常総線,関東鉄道,rail,4.459
小金城趾_0,鰭ヶ崎_0,流山線,流鉄,rail,0.757
小金城趾_0,幸谷_0,流山線,流鉄,rail,1.083
尻手_0,矢向_0,南武線,東日本旅客鉄道,rail,0.995
尻手_0,川崎_0,南武線,東日本旅客鉄道,rail,1.353
尻手_0,尻手_0,南武線,東日本旅客鉄道,rail,0.0
尾久_0,尾久_0,東北線,東日本旅客鉄道,rail,0.0
尾久_0,西日暮里_0,東北線,東日本旅客鉄道,rail,1.979
尾山台_0,等々力_0,大井町線,東急電鉄,rail,0.58
屏風浦_0,杉田_0,本線,京浜急行電鉄,rail,1.243
山下_0,松原_0,世田谷線,東急電鉄,rail,0.806
山下_0,豪徳寺_0,(walk),(walk),transfer,0.079
山手_0,石川町_0,根岸線,東日本旅客鉄道,rail,1.378
山手_0,根岸_0,根岸線,東日本旅客鉄道,rail,1.905
岩本町_0,馬喰横山_0,10号線新宿線,東京都,rail,0.854
岩槻_0,東岩槻_0,野田線,東武鉄道,rail,2.302
岸根公園_0,片倉町_0,3号線,横浜市,rail,1.186
岸根公園_0,新横浜_0,3号線,横浜市,rail,1.675
巌根_0,木更津_0,内房線,東日本旅客鉄道,rail,3.805
巌根_0,袖ヶ浦_0,内房線,東日本旅客鉄道,rail,2.966
川口_0,西川口_0,東北線,東日本旅客鉄道,rail,1.931
川口元郷_0,赤羽岩淵_0,埼玉高速鉄道線,埼玉高速鉄道,rail,2.4
川和町_0,都筑ふれあいの丘_0,4号線,横浜市,rail,1.466
川崎大師_0,東門前_0,大師線,京浜急行電鉄,rail,0.769
川崎大師_0,鈴木町_0,大師線,京浜急行電鉄,rail,0.487
川越_0,西川越_0,川越線,東日本旅客鉄道,rail,2.617
川越_0,新河岸_0,東上本線,東武鉄道,rail,2.204
川越_0,川越市_0,東上本線,東武鉄道,rail,0.944
川越市_0,霞ヶ関_1,東上本線,東武鉄道,rail,3.328
巣鴨_0,西巣鴨_0,6号線三田線,東京都,rail,1.362
巣鴨_0,駒込_0,山手線,東日本旅客鉄道,rail,0.781
巣鴨新田_0,庚申塚_0,荒川線,東京都,rail,0.508
市が尾_0,江田_0,田園都市線,東急電鉄,rail,1.245
市が尾_0,藤が丘_0,田園都市線,東急電鉄,rail,1.57
市ヶ谷_0,飯田橋_0,中央線,東日本旅客鉄道,rail,1.262
市ヶ谷_0,麹町_0,8号線有楽町線,東京地下鉄,rail,0.922
市ヶ谷_0,曙橋_0,10号線新宿線,東京都,rail,1.389
市場前_0,新豊洲_0,東京臨海新交通臨海線,ゆりかもめ,rail,0.525
市場前_0,有明テニスの森_0,東京臨海新交通臨海線,ゆりかもめ,rail,0.769
市大医学部_0,福浦_0,金沢シーサイドライン,横浜シーサイドライン,rail,0.693
市川_0,本八幡_0,総武線,東日本旅客鉄道,rail,1.954
市川塩浜_0,新浦安_0,京葉線,東日本旅客鉄道,rail,2.16
市川大野_0,船橋法典_0,武蔵野線,東日本旅客鉄道,rail,3.102
市川大野_0,東松戸_0,武蔵野線,東日本旅客鉄道,rail,1.821
市川真間_0,菅野_0,本線,京成電鉄,rail,0.767
布佐_0,木下_0,成田線,東日本旅客鉄道,rail,1.947
布佐_0,新木_0,成田線,東日本旅客鉄道,rail,3.028
布田_0,調布_0,京王線,京王電鉄,rail,0.668
幕張_0,新検見川_0,総武線,東日本旅客鉄道,rail,1.681
幕張_0,幕張本郷_0,総武線,東日本旅客鉄道,rail,2.056
幕張本郷_0,幕張本郷_0,総武線,東日本旅客鉄道,rail,0.0
幕張豊砂_0,海浜幕張_0,京葉線,東日本旅客鉄道,rail,1.732
幕張豊砂_0,新習志野_0,京葉線,東日本旅客鉄道,rail,1.637
平井_0,新小岩_0,総武線,東日本旅客鉄道,rail,1.795
平和台_0,流山_0,流山線,流鉄,rail,0.522
平和台_0,鰭ヶ崎_0,流山線,流鉄,rail,1.48
平和台_1,氷川台_0,8号線有楽町線,東京地下鉄,rail,1.345
平山城址公園_0,長沼_0,京王線,京王電鉄,rail,1.481
平沼橋_0,西横浜_0,相鉄本線,相模鉄道,rail,0.982
平沼橋_0,横浜_0,相鉄本線,相模鉄道,rail,0.848
平間_0,鹿島田_0,南武線,東日本旅客鉄道,rail,1.07
幸手_0,杉戸高野台_0,日光線,東武鉄道,rail,2.539
幸浦_0,産業振興センター_0,金沢シーサイドライン,横浜シーサイドライン,rail,0.728
幸谷_0,馬橋_0,流山線,流鉄,rail,1.682
幸谷_0,新松戸_0,(walk),(walk),transfer,0.195
広尾_0,恵比寿_0,2号線日比谷線,東京地下鉄,rail,1.499
庚申塚_0,新庚申塚_0,荒川線,東京都,rail,0.231
府中_0,東府中_0,京王線,京王電鉄,rail,1.44
府中競馬正門前_0,東府中_0,競馬場線,京王電鉄,rail,0.954
座間_0,海老名_0,小田原線,小田急電鉄,rail,3.356
座間_0,相武台前_0,小田原線,小田急電鉄,rail,2.271
弁天橋_0,鶴見小野_0,鶴見線,東日本旅客鉄道,rail,0.841
弁天橋_0,浅野_0,鶴見線,東日本旅客鉄道,rail,0.518
弘明寺_0,蒔田_0,1号線,横浜市,rail,1.155
弥生台_0,緑園都市_0,相鉄いずみ野線,相模鉄道,rail,1.823
後楽園_0,茗荷谷_0,4号線丸ノ内線,東京地下鉄,rail,1.765
後楽園_0,本郷三丁目_0,4号線丸ノ内線,東京地下鉄,rail,0.871
後楽園_0,東大前_0,7号線南北線,東京地下鉄,rail,1.348
後楽園_0,飯田橋_0,7号線南北線,東京地下鉄,rail,1.298
後楽園_0,春日_0,(walk),(walk),transfer,0.197
御嶽山_0,雪が谷大塚_0,池上線,東急電鉄,rail,0.795
御徒町_0,秋葉原_0,東北線,東日本旅客鉄道,rail,0.974
御成門_0,芝公園_0,6号線三田線,東京都,rail,0.857
御茶ノ水_0,本郷三丁目_0,4号線丸ノ内線,東京地下鉄,rail,0.863
御茶ノ水_0,淡路町_0,4号線丸ノ内線,東京地下鉄,rail,0.748
御茶ノ水_0,神田_0,中央線,東日本旅客鉄道,rail,1.201
御茶ノ水_0,水道橋_0,中央線,東日本旅客鉄道,rail,1.082
御茶ノ水_0,秋葉原_0,総武線,東日本旅客鉄道,rail,0.76
志木_0,柳瀬川_0,東上本線,東武鉄道,rail,1.316
志木_0,朝霞台_0,東上本線,東武鉄道,rail,1.241
志木_0,志木_0,東上本線,東武鉄道,rail,0.0
志村三丁目_0,志村坂上_0,6号線三田線,東京都,rail,0.921
志村三丁目_0,蓮根_0,6号線三田線,東京都,rail,1.147
志村坂上_0,本蓮沼_0,6号線三田線,東京都,rail,1.058
志茂_0,赤羽岩淵_0,7号線南北線,東京地下鉄,rail,1.168
志茂_0,王子神谷_0,7号線南北線,東京地下鉄,rail,1.46
恋ヶ窪_0,鷹の台_0,国分寺線,西武鉄道,rail,1.394
恩田_0,長津田_0,こどもの国線,東急電鉄,rail,1.781
恵比寿_0,渋谷_0,山手線,東日本旅客鉄道,rail,1.49
愛宕_0,野田市_0,野田線,東武鉄道,rail,0.944
愛宕_0,清水公園_0,野田線,東武鉄道,rail,1.003
成城学園前_0,祖師ヶ谷大蔵_0,小田原線,小田急電鉄,rail,1.031
成瀬_0,町田_0,横浜線,東日本旅客鉄道,rail,2.568
成瀬_0,長津田_0,横浜線,東日本旅客鉄道,rail,2.195
我孫子_0,我孫子_0,常磐線,東日本旅客鉄道,rail,0.0
我孫子_0,東我孫子_0,成田線,東日本旅客鉄道,rail,3.504
戸塚_0,舞岡_0,1号線,横浜市,rail,1.618
戸塚_0,踊場_0,1号線,横浜市,rail,1.681
戸塚安行_0,新井宿_0,埼玉高速鉄道線,埼玉高速鉄道,rail,2.509
戸塚安行_0,東川口_0,埼玉高速鉄道線,埼玉高速鉄道,rail,2.193
戸田_0,戸田公園_0,東北線,東日本旅客鉄道,rail,1.362
戸田公園_0,浮間舟渡_0,東北線,東日本旅客鉄道,rail,2.262
戸越_0,戸越銀座_0,(walk),(walk),transfer,0.215
戸越銀座_0,荏原中延_0,池上線,東急電鉄,rail,0.731
戸部_0,横浜_0,本線,京浜急行電鉄,rail,1.206
戸部_0,日ノ出町_0,本線,京浜急行電鉄,rail,1.423
戸頭_0,稲戸井_0,常総線,関東鉄道,rail,0.838
所沢_0,東村山_0,新宿線,西武鉄道,rail,3.127
所沢_0,航空公園_0,新宿線,西武鉄道,rail,1.541
所沢_0,秋津_0,池袋線,西武鉄道,rail,2.937
所沢_0,西所沢_0,池袋線,西武鉄道,rail,2.391
扇大橋_0,足立小台_0,日暮里・舎人ライナー,東京都,rail,1.059
扇大橋_0,高野_0,日暮里・舎人ライナー,東京都,rail,0.457
扇町_0,昭和_0,鶴見線,東日本旅客鉄道,rail,0.591
押上_0,錦糸町_0,11号線半蔵門線,東京地下鉄,rail,1.23
押上_0,本所吾妻橋_0,1号線浅草線,東京都,rail,0.756
押上_0,押上_0,伊勢崎線,東武鉄道,rail,0.0
押上_0,曳舟_0,伊勢崎線,東武鉄道,rail,1.046
拝島_0,熊川_0,五日市線,東日本旅客鉄道,rail,1.064
拝島_0,東福生_0,八高線,東日本旅客鉄道,rail,2.843
拝島_0,昭島_0,青梅線,東日本旅客鉄道,rail,1.926
拝島_0,牛浜_0,青梅線,東日本旅客鉄道,rail,1.701
拝島_0,西武立川_0,拝島線,西武鉄道,rail,2.655
指扇_0,西大宮_0,川越線,東日本旅客鉄道,rail,1.374
整備場_0,昭和島_0,東京モノレール羽田空港線,東京モノレール,rail,1.887
新三河島_0,町屋_0,本線,京成電鉄,rail,0.878
新三河島_0,日暮里_0,本線,京成電鉄,rail,1.33
新中野_0,東高円寺_0,4号線丸ノ内線,東京地下鉄,rail,1.019
新丸子_0,武蔵小杉_0,東横線,東急電鉄,rail,0.577
新井宿_0,鳩ヶ谷_0,埼玉高速鉄道線,埼玉高速鉄道,rail,1.585
新井薬師前_0,沼袋_0,新宿線,西武鉄道,rail,0.806
新代田_0,東松原_0,井の頭線,京王電鉄,rail,0.518
新八柱_0,東松戸_0,武蔵野線,東日本旅客鉄道,rail,2.357
新八柱_0,新松戸_0,武蔵野線,東日本旅客鉄道,rail,4.248
新千葉_0,西登戸_0,千葉線,京成電鉄,rail,0.807
新大久保_0,高田馬場_0,山手線,東日本旅客鉄道,rail,1.371
新大久保_0,新宿_0,山手線,東日本旅客鉄道,rail,1.038
新大塚_0,池袋_0,4号線丸ノ内線,東京地下鉄,rail,1.872
新大塚_0,茗荷谷_0,4号線丸ノ内線,東京地下鉄,rail,1.23
新子安_0,東神奈川_0,東海道線,東日本旅客鉄道,rail,2.137
新宿_0,新宿_0,山手線,東日本旅客鉄道,rail,0.0
新宿_0,新宿三丁目_0,10号線新宿線,東京都,rail,0.769
新宿_0,西新宿_0,4号線丸ノ内線,東京地下鉄,rail,0.788
新宿_0,新宿西口_0,12号線大江戸線,東京都,rail,0.389
新宿三丁目_0,東新宿_0,13号線副都心線,東京地下鉄,rail,1.074
新宿三丁目_0,新宿御苑前_0,4号線丸ノ内線,東京地下鉄,rail,0.679
新宿三丁目_0,曙橋_0,10号線新宿線,東京都,rail,1.494
新宿西口_0,東新宿_0,12号線大江戸線,東京都,rail,1.401
新宿西口_0,都庁前_0,12号線大江戸線,東京都,rail,0.345
新富町_0,銀座一丁目_0,8号線有楽町線,東京地下鉄,rail,0.763
新富町_0,月島_0,8号線有楽町線,東京地下鉄,rail,1.204
新小平_0,西国分寺_0,武蔵野線,東日本旅客鉄道,rail,3.481
新小平_0,新秋津_0,武蔵野線,東日本旅客鉄道,rail,5.715
新小金井_0,武蔵境_0,多摩川線,西武鉄道,rail,1.808
新川崎_0,武蔵小杉_0,東海道線,東日本旅客鉄道,rail,2.502
新庚申塚_0,西ヶ原四丁目_0,荒川線,東京都,rail,0.407
新庚申塚_0,西巣鴨_0,(walk),(walk),transfer,0.295
新座_0,東所沢_0,武蔵野線,東日本旅客鉄道,rail,3.925
新御徒町_0,蔵前_0,12号線大江戸線,東京都,rail,0.956
新御徒町_0,秋葉原_0,常磐新線,首都圏新都市鉄道,rail,1.537
新御徒町_0,浅草_0,常磐新線,首都圏新都市鉄道,rail,1.552
新御茶ノ水_0,湯島_0,9号線千代田線,東京地下鉄,rail,1.201
新御茶ノ水_0,淡路町_0,(walk),(walk),transfer,0.291
新所沢_0,航空公園_0,新宿線,西武鉄道,rail,1.125
新整備場_0,羽田空港第1ターミナル_0,東京モノレール羽田空港線,東京モノレール,rail,0.762
新整備場_0,羽田空港第3ターミナル_0,東京モノレール羽田空港線,東京モノレール,rail,2.116
新日本橋_0,東京_0,総武線,東日本旅客鉄道,rail,1.235
新日本橋_0,馬喰町_0,総武線,東日本旅客鉄道,rail,0.888
新木_0,湖北_0,成田線,東日本旅客鉄道,rail,2.772
新木場_0,辰巳_0,8号線有楽町線,東京地下鉄,rail,1.554
新木場_0,東雲_0,臨海副都心線,東京臨海高速鉄道,rail,2.126
新木場_0,葛西臨海公園_0,京葉線,東日本旅客鉄道,rail,3.182
新木場_0,潮見_0,京葉線,東日本旅客鉄道,rail,1.948
新杉田_0,磯子_0,根岸線,東日本旅客鉄道,rail,1.671
新杉田_0,洋光台_0,根岸線,東日本旅客鉄道,rail,2.959
新松戸_0,馬橋_0,常磐線,東日本旅客鉄道,rail,1.563
新板橋_0,西巣鴨_0,6号線三田線,東京都,rail,1.074
新板橋_0,板橋区役所前_0,6号線三田線,東京都,rail,0.922
新柏_0,柏_0,野田線,東武鉄道,rail,2.676
新柴又_0,矢切_0,北総線,北総鉄道,rail,2.02
新桜台_0,練馬_0,西武有楽町線,西武鉄道,rail,1.363
新検見川_0,稲毛_0,総武線,東日本旅客鉄道,rail,2.55
新横浜_0,新綱島_0,東急新横浜線,東急電鉄,rail,3.599
新横浜_0,菊名_0,横浜線,東日本旅客鉄道,rail,1.21
新横浜_0,羽沢横浜国大_0,相鉄新横浜線,相模鉄道,rail,4.2
新橋_0,汐留_0,東京臨海新交通臨海線,ゆりかもめ,rail,0.369
新橋_0,銀座_0,3号線銀座線,東京地下鉄,rail,0.844
新橋_0,虎ノ門_0,3号線銀座線,東京地下鉄,rail,0.82
新橋_0,東銀座_0,1号線浅草線,東京都,rail,0.988
新橋_0,浜松町_0,東海道線,東日本旅客鉄道,rail,1.233
新橋_0,有楽町_0,東海道線,東日本旅客鉄道,rail,0.955
新江古田_0,落合南長崎_0,12号線大江戸線,東京都,rail,1.612
新江古田_0,練馬_0,12号線大江戸線,東京都,rail,1.581
新浦安_0,舞浜_0,京葉線,東日本旅客鉄道,rail,3.307
新狭山_0,狭山市_0,新宿線,西武鉄道,rail,2.649
新田_0,獨協大学前_0,伊勢崎線,東武鉄道,rail,1.29
新田_0,蒲生_0,伊勢崎線,東武鉄道,rail,1.461
新白岡_0,白岡_0,東北線,東日本旅客鉄道,rail,2.335
新百合ヶ丘_0,柿生_0,小田原線,小田急電鉄,rail,1.855
新百合ヶ丘_0,百合ヶ丘_0,小田原線,小田急電鉄,rail,0.992
新秋津_0,東所沢_0,武蔵野線,東日本旅客鉄道,rail,2.68
新秋津_0,秋津_0,(walk),(walk),transfer,0.285
新綱島_0,日吉_0,東急新横浜線,東急電鉄,rail,2.241
新綱島_0,綱島_0,(walk),(walk),transfer,0.145
新船橋_0,船橋_0,野田線,東武鉄道,rail,1.338
新芝浦_0,海芝浦_0,鶴見線,東日本旅客鉄道,rail,0.788
新芝浦_0,浅野_0,鶴見線,東日本旅客鉄道,rail,0.738
新豊洲_0,豊洲_0,東京臨海新交通臨海線,ゆりかもめ,rail,0.74
新越谷_0,蒲生_0,伊勢崎線,東武鉄道,rail,0.978
新越谷_0,越谷_0,伊勢崎線,東武鉄道,rail,1.371
新鎌ヶ谷_0,東松戸_0,成田空港線,京成電鉄,rail,5.232
新鎌ヶ谷_0,西白井_0,北総線,北総鉄道,rail,3.097
新鎌ヶ谷_0,鎌ヶ谷_0,野田線,東武鉄道,rail,1.905
新馬場_0,青物横丁_0,本線,京浜急行電鉄,rail,0.833
新高円寺_0,東高円寺_0,4号線丸ノ内線,東京地下鉄,rail,0.887
新高島_0,横浜_0,みなとみらい21線,横浜高速鉄道,rail,0.845
新高島平_0,高島平_0,6号線三田線,東京都,rail,0.646
新高島平_0,西高島平_0,6号線三田線,東京都,rail,0.803
旗の台_0,荏原町_0,大井町線,東急電鉄,rail,0.5
旗の台_0,長原_0,池上線,東急電鉄,rail,0.582
旗の台_0,荏原中延_0,池上線,東急電鉄,rail,0.951
日の出_0,芝浦ふ頭_0,東京臨海新交通臨海線,ゆりかもめ,rail,0.802
日の出_0,竹芝_0,東京臨海新交通臨海線,ゆりかもめ,rail,0.595
日ノ出町_0,黄金町_0,本線,京浜急行電鉄,rail,0.82
日吉_0,綱島_0,東横線,東急電鉄,rail,2.225
日吉_0,日吉本町_0,4号線,横浜市,rail,1.378
日吉本町_0,高田_0,4号線,横浜市,rail,1.222
日暮里_0,西日暮里_0,東北線,東日本旅客鉄道,rail,0.614
日暮里_0,鶯谷_0,東北線,東日本旅客鉄道,rail,0.67
日暮里_0,日暮里_0,東北線,東日本旅客鉄道,rail,0.0
日本大通り_0,馬車道_0,みなとみらい21線,横浜高速鉄道,rail,0.696
日本橋_0,茅場町_0,5号線東西線,東京地下鉄,rail,0.519
日比谷_0,霞ヶ関_0,9号線千代田線,東京地下鉄,rail,0.793
日比谷_0,銀座_0,2号線日比谷線,東京地下鉄,rail,0.399
日比谷_0,有楽町_0,(walk),(walk),transfer,0.273
日進_0,西大宮_0,川越線,東日本旅客鉄道,rail,2.671
日野_0,立川_0,中央線,東日本旅客鉄道,rail,3.142
日野_0,豊田_0,中央線,東日本旅客鉄道,rail,2.471
早稲田_0,神楽坂_0,5号線東西線,東京地下鉄,rail,1.147
早稲田_0,高田馬場_0,5号線東西線,東京地下鉄,rail,1.845
早稲田_1,面影橋_0,荒川線,東京都,rail,0.411
明大前_0,永福町_0,井の頭線,京王電鉄,rail,1.115
明大前_0,東松原_0,井の頭線,京王電鉄,rail,0.918
明治神宮前_0,渋谷_0,13号線副都心線,東京地下鉄,rail,1.091
明治神宮前_0,表参道_0,9号線千代田線,東京地下鉄,rail,0.773
春日_0,本郷三丁目_0,12号線大江戸線,東京都,rail,0.796
春日_0,飯田橋_0,12号線大江戸線,東京都,rail,0.917
春日_0,水道橋_0,6号線三田線,東京都,rail,0.72
春日_0,白山_0,6号線三田線,東京都,rail,1.289
春日部_0,藤の牛島_0,野田線,東武鉄道,rail,2.676
昭和_0,浜川崎_0,鶴見線,東日本旅客鉄道,rail,1.131
昭和島_0,流通センター_0,東京モノレール羽田空港線,東京モノレール,rail,1.244
是政_0,競艇場前_0,多摩川線,西武鉄道,rail,1.004
曳舟_0,東向島_0,伊勢崎線,東武鉄道,rail,0.727
月島_0,豊洲_0,8号線有楽町線,東京地下鉄,rail,1.514
月島_0,門前仲町_0,12号線大江戸線,東京都,rail,1.406
有明_0,有明テニスの森_0,東京臨海新交通臨海線,ゆりかもめ,rail,0.724
有明_0,東京ビッグサイト_0,東京臨海新交通臨海線,ゆりかもめ,rail,0.67
有楽町_0,桜田門_0,8号線有楽町線,東京地下鉄,rail,0.979
有楽町_0,銀座一丁目_0,8号線有楽町線,東京地下鉄,rail,0.445
有楽町_0,東京_0,東海道線,東日本旅客鉄道,rail,0.447
有楽町_0,有楽町_0,東海道線,東日本旅客鉄道,rail,0.0
朝霞_0,朝霞台_0,東上本線,東武鉄道,rail,2.36
木場_0,東陽町_0,5号線東西線,東京地下鉄,rail,0.958
木場_0,門前仲町_0,5号線東西線,東京地下鉄,rail,1.058
木更津_0,祇園_0,久留里線,東日本旅客鉄道,rail,2.603
末広町_0,神田_0,3号線銀座線,東京地下鉄,rail,1.028
本八幡_0,篠崎_0,10号線新宿線,東京都,rail,2.877
本千葉_0,蘇我_0,外房線,東日本旅客鉄道,rail,2.216
本所吾妻橋_0,浅草_0,1号線浅草線,東京都,rail,0.783
本蓮沼_0,板橋本町_0,6号線三田線,東京都,rail,0.932
本郷台_0,港南台_0,根岸線,東日本旅客鉄道,rail,2.532
本駒込_0,駒込_0,7号線南北線,東京地下鉄,rail,1.443
本駒込_0,東大前_0,7号線南北線,東京地下鉄,rail,0.806
杉戸高野台_0,東武動物公園_0,日光線,東武鉄道,rail,3.284
村上_0,東葉勝田台_0,東葉高速線,東葉高速鉄道,rail,1.056
東中神_0,西立川_0,青梅線,東日本旅客鉄道,rail,0.829
東久留米_0,清瀬_0,池袋線,西武鉄道,rail,1.823
東京_0,銀座_0,4号線丸ノ内線,東京地下鉄,rail,1.071
東京_0,神田_0,東北線,東日本旅客鉄道,rail,0.954
東京_0,東京_0,東海道線,東日本旅客鉄道,rail,0.0
東京ビッグサイト_0,青海_0,東京臨海新交通臨海線,ゆりかもめ,rail,1.085
東伏見_0,武蔵関_0,新宿線,西武鉄道,rail,1.164
東伏見_0,西武柳沢_0,新宿線,西武鉄道,rail,1.016
東十条_0,赤羽_0,東北線,東日本旅客鉄道,rail,1.633
東十条_0,王子_0,東北線,東日本旅客鉄道,rail,1.529
東千葉_0,都賀_0,総武線,東日本旅客鉄道,rail,3.205
東向島_0,鐘ヶ淵_0,伊勢崎線,東武鉄道,rail,1.092
東大和市_0,玉川上水_0,拝島線,西武鉄道,rail,1.508
東大宮_0,蓮田_0,東北線,東日本旅客鉄道,rail,3.865
東大島_0,船堀_0,10号線新宿線,東京都,rail,1.661
東小金井_0,武蔵小金井_0,中央線,東日本旅客鉄道,rail,1.615
東小金井_0,武蔵境_0,中央線,東日本旅客鉄道,rail,1.792
東尾久三丁目_0,熊野前_0,荒川線,東京都,rail,0.582
東尾久三丁目_0,町屋二丁目_0,荒川線,東京都,rail,0.3
東山田_0,高田_0,4号線,横浜市,rail,1.441
東岩槻_0,豊春_0,野田線,東武鉄道,rail,1.375
東川口_0,浦和美園_0,埼玉高速鉄道線,埼玉高速鉄道,rail,2.381
東川口_0,東浦和_0,武蔵野線,東日本旅客鉄道,rail,3.804
東我孫子_0,湖北_0,成田線,東日本旅客鉄道,rail,2.769
東新宿_0,西早稲田_0,13号線副都心線,東京地下鉄,rail,0.892
東新宿_0,若松河田_0,12号線大江戸線,東京都,rail,0.986
東日本橋_0,浅草橋_0,1号線浅草線,東京都,rail,0.67
東日本橋_0,馬喰町_0,(walk),(walk),transfer,0.277
東日本橋_0,馬喰横山_0,(walk),(walk),transfer,0.17
東村山_0,西武園_0,西武園線,西武鉄道,rail,2.496
東松戸_0,松飛台_0,北総線,北総鉄道,rail,1.457
東松戸_0,秋山_0,北総線,北総鉄道,rail,1.185
東林間_0,相模大野_0,江ノ島線,小田急電鉄,rail,1.356
東横田_0,馬来田_0,久留里線,東日本旅客鉄道,rail,3.129
東横田_0,横田_0,久留里線,東日本旅客鉄道,rail,1.436
東池袋_0,池袋_0,8号線有楽町線,東京地下鉄,rail,0.826
東池袋_0,護国寺_0,8号線有楽町線,東京地下鉄,rail,1.096
東池袋_0,都電雑司ヶ谷_0,(walk),(walk),transfer,0.228
東池袋_0,東池袋四丁目_0,(walk),(walk),transfer,0.176
東池袋四丁目_0,都電雑司ヶ谷_0,荒川線,東京都,rail,0.309
東海神_0,飯山満_0,東葉高速線,東葉高速鉄道,rail,3.939
東海神_0,西船橋_0,東葉高速線,東葉高速鉄道,rail,2.124
東清川_0,横田_0,久留里線,東日本旅客鉄道,rail,3.199
東白楽_0,白楽_0,東横線,東急電鉄,rail,0.705
東神奈川_0,横浜_0,東海道線,東日本旅客鉄道,rail,1.661
東神奈川_0,東神奈川_0,東海道線,東日本旅客鉄道,rail,0.0
東福生_0,箱根ヶ崎_0,八高線,東日本旅客鉄道,rail,3.175
東秋留_0,熊川_0,五日市線,東日本旅客鉄道,rail,2.225
東秋留_0,秋川_0,五日市線,東日本旅客鉄道,rail,2.275
東船橋_0,津田沼_0,総武線,東日本旅客鉄道,rail,1.81
東船橋_0,船橋_0,総武線,東日本旅客鉄道,rail,1.768
東銀座_0,銀座_0,2号線日比谷線,東京地下鉄,rail,0.457
東銀座_0,築地_0,2号線日比谷線,東京地下鉄,rail,0.572
東長崎_0,椎名町_0,池袋線,西武鉄道,rail,1.097
東長崎_0,江古田_0,池袋線,西武鉄道,rail,1.265
東飯能_0,金子_0,八高線,東日本旅客鉄道,rail,5.256
東飯能_0,飯能_0,池袋線,西武鉄道,rail,0.685
松陰神社前_0,若林_0,世田谷線,東急電鉄,rail,0.504
板橋_0,池袋_0,赤羽線,東日本旅客鉄道,rail,1.788
板橋区役所前_0,板橋本町_0,6号線三田線,東京都,rail,1.175
柏_0,豊四季_0,野田線,東武鉄道,rail,2.881
柏たなか_0,柏の葉キャンパス_0,常磐新線,首都圏新都市鉄道,rail,1.998
柏の葉キャンパス_0,流山おおたかの森_0,常磐新線,首都圏新都市鉄道,rail,3.548
柴崎体育館_0,甲州街道_0,多摩都市モノレール線,多摩都市モノレール,rail,1.487
柴崎体育館_0,立川南_0,多摩都市モノレール線,多摩都市モノレール,rail,0.767
柿生_0,鶴川_0,小田原線,小田急電鉄,rail,1.658
栄町_0,葭川公園_0,1号線,千葉都市モノレール,rail,0.484
栄町_1,王子駅前_0,荒川線,東京都,rail,0.452
栄町_1,梶原_0,荒川線,東京都,rail,0.46
栗平_0,黒川_0,多摩線,小田急電鉄,rail,1.265
根岸_0,磯子_0,根岸線,東日本旅客鉄道,rail,2.425
根津_0,湯島_0,9号線千代田線,東京地下鉄,rail,1.269
桜ヶ丘_0,高座渋谷_0,江ノ島線,小田急電鉄,rail,2.042
桜台_0,江古田_0,池袋線,西武鉄道,rail,0.962
桜台_0,練馬_0,池袋線,西武鉄道,rail,0.726
桜新町_0,駒沢大学_0,田園都市線,東急電鉄,rail,1.509
桜新町_0,用賀_0,田園都市線,東急電鉄,rail,1.192
桜木_0,都賀_0,2号線,千葉都市モノレール,rail,1.232
桜木町_0,横浜_0,根岸線,東日本旅客鉄道,rail,1.908
桜木町_0,関内_0,3号線,横浜市,rail,0.662
桜木町_0,高島町_0,3号線,横浜市,rail,1.194
桜田門_0,永田町_0,8号線有楽町線,東京地下鉄,rail,0.957
桜街道_0,玉川上水_0,多摩都市モノレール線,多摩都市モノレール,rail,0.769
梅ヶ丘_0,豪徳寺_0,小田原線,小田急電鉄,rail,0.638
梅島_0,西新井_0,伊勢崎線,東武鉄道,rail,0.892
梅郷_0,運河_0,野田線,東武鉄道,rail,2.368
梅郷_0,野田市_0,野田線,東武鉄道,rail,2.305
梶が谷_0,溝の口_0,田園都市線,東急電鉄,rail,0.816
梶原_0,荒川車庫前_0,荒川線,東京都,rail,0.498
森下_0,菊川_0,10号線新宿線,東京都,rail,0.719
森下_0,浜町_0,10号線新宿線,東京都,rail,0.918
森下_0,清澄白河_0,12号線大江戸線,東京都,rail,0.563
椎名町_0,池袋_0,池袋線,西武鉄道,rail,1.795
検見川浜_0,稲毛海岸_0,京葉線,東日本旅客鉄道,rail,1.624
検見川浜_0,海浜幕張_0,京葉線,東日本旅客鉄道,rail,1.988
横浜_0,神奈川_0,本線,京浜急行電鉄,rail,0.678
横浜_0,高島町_0,3号線,横浜市,rail,0.819
橋本_0,相原_0,横浜線,東日本旅客鉄道,rail,1.946
橋本_0,相模原_0,横浜線,東日本旅客鉄道,rail,2.749
武蔵中原_0,武蔵小杉_0,南武線,東日本旅客鉄道,rail,1.705
武蔵中原_0,武蔵新城_0,南武線,東日本旅客鉄道,rail,1.407
武蔵小山_0,西小山_0,目黒線,東急電鉄,rail,0.778
武蔵小杉_0,西大井_0,東海道線,東日本旅客鉄道,rail,6.421
武蔵小杉_0,武蔵小杉_0,東海道線,東日本旅客鉄道,rail,0.0
武蔵新城_0,武蔵溝ノ口_0,南武線,東日本旅客鉄道,rail,2.058
武蔵新田_0,矢口渡_0,東急多摩川線,東急電鉄,rail,0.93
武蔵浦和_0,西浦和_0,武蔵野線,東日本旅客鉄道,rail,1.783
武蔵溝ノ口_0,津田山_0,南武線,東日本旅客鉄道,rail,1.125
武蔵溝ノ口_0,溝の口_0,(walk),(walk),transfer,0.134
武蔵白石_0,浜川崎_0,鶴見線,東日本旅客鉄道,rail,1.147
武蔵白石_0,武蔵白石_0,鶴見線,東日本旅客鉄道,rail,0.0
武蔵砂川_0,玉川上水_0,拝島線,西武鉄道,rail,2.414
武蔵砂川_0,西武立川_0,拝島線,西武鉄道,rail,2.077
武蔵藤沢_0,狭山ヶ丘_0,池袋線,西武鉄道,rail,1.262
武蔵藤沢_0,稲荷山公園_0,池袋線,西武鉄道,rail,3.018
武蔵野台_0,飛田給_0,京王線,京王電鉄,rail,1.221
武蔵野台_0,白糸台_0,(walk),(walk),transfer,0.29
武蔵高萩_0,笠幡_0,川越線,東日本旅客鉄道,rail,3.266
水天宮前_0,清澄白河_0,11号線半蔵門線,東京地下鉄,rail,1.727
水道橋_0,神保町_0,6号線三田線,東京都,rail,1.013
水道橋_0,飯田橋_0,中央線,東日本旅客鉄道,rail,1.031
永田町_0,青山一丁目_0,11号線半蔵門線,東京地下鉄,rail,1.491
永田町_0,溜池山王_0,7号線南北線,東京地下鉄,rail,0.664
永田町_0,麹町_0,8号線有楽町線,東京地下鉄,rail,0.887
永田町_0,赤坂見附_0,(walk),(walk),transfer,0.283
永福町_0,西永福_0,井の頭線,京王電鉄,rail,0.741
汐留_0,竹芝_0,東京臨海新交通臨海線,ゆりかもめ,rail,1.243
汐留_0,築地市場_0,12号線大江戸線,東京都,rail,0.672
江北_0,高野_0,日暮里・舎人ライナー,東京都,rail,0.614
江北_0,西新井大師西_0,日暮里・舎人ライナー,東京都,rail,0.819
江戸川台_0,運河_0,野田線,東武鉄道,rail,1.956
江戸川橋_0,護国寺_0,8号線有楽町線,東京地下鉄,rail,1.296
江戸川橋_0,飯田橋_0,8号線有楽町線,東京地下鉄,rail,1.537
池ノ上_0,駒場東大前_0,井の頭線,京王電鉄,rail,0.981
池上_0,蓮沼_0,池上線,東急電鉄,rail,1.085
池尻大橋_0,渋谷_0,田園都市線,東急電鉄,rail,1.855
池袋_0,要町_0,8号線有楽町線,東京地下鉄,rail,1.247
池袋_0,雑司が谷_0,13号線副都心線,東京地下鉄,rail,1.812
池袋_0,目白_0,山手線,東日本旅客鉄道,rail,1.181
沼袋_0,野方_0,新宿線,西武鉄道,rail,1.046
沼部_0,鵜の木_0,東急多摩川線,東急電鉄,rail,1.034
泉体育館_0,立飛_0,多摩都市モノレール線,多摩都市モノレール,rail,0.601
泉体育館_0,砂川七番_0,多摩都市モノレール線,多摩都市モノレール,rail,0.531
泉岳寺_0,高輪台_0,1号線浅草線,東京都,rail,1.251
洋光台_0,港南台_0,根岸線,東日本旅客鉄道,rail,1.947
洗足_0,西小山_0,目黒線,東急電鉄,rail,0.726
洗足池_0,石川台_0,池上線,東急電鉄,rail,0.621
洗足池_0,長原_0,池上線,東急電鉄,rail,0.704
流山おおたかの森_0,豊四季_0,野田線,東武鉄道,rail,1.367
流山おおたかの森_0,流山セントラルパーク_0,常磐新線,首都圏新都市鉄道,rail,2.167
浅草_0,田原町_0,3号線銀座線,東京地下鉄,rail,0.776
浅草_0,蔵前_0,1号線浅草線,東京都,rail,0.836
浅草橋_0,蔵前_0,1号線浅草線,東京都,rail,0.738
浅草橋_0,秋葉原_0,総武線,東日本旅客鉄道,rail,1.025
浅草橋_0,馬喰町_0,総武線,東日本旅客鉄道,rail,0.387
浅草橋_0,浅草橋_0,総武線,東日本旅客鉄道,rail,0.0
浅野_0,浅野_0,鶴見線,東日本旅客鉄道,rail,0.0
浅野_0,鶴見_0,鶴見線,東日本旅客鉄道,rail,2.149
浜松町_0,田町_0,東海道線,東日本旅客鉄道,rail,1.46
浜田山_0,高井戸_0,井の頭線,京王電鉄,rail,1.137
浜田山_0,西永福_0,井の頭線,京王電鉄,rail,0.749
浜町_0,馬喰横山_0,10号線新宿線,東京都,rail,0.614
浜野_0,蘇我_0,内房線,東日本旅客鉄道,rail,3.429
浦安_0,葛西_0,5号線東西線,東京地下鉄,rail,1.934
海の公園南口_0,野島公園_0,金沢シーサイドライン,横浜シーサイドライン,rail,0.83
海の公園南口_0,海の公園柴口_0,金沢シーサイドライン,横浜シーサイドライン,rail,0.658
淵野辺_0,矢部_0,横浜線,東日本旅客鉄道,rail,0.975
清澄白河_0,門前仲町_0,12号線大江戸線,東京都,rail,1.226
清瀬_0,秋津_0,池袋線,西武鉄道,rail,2.2
渋谷_0,神泉_0,井の頭線,京王電鉄,rail,0.62
渋谷_0,表参道_0,3号線銀座線,東京地下鉄,rail,1.128
港町_0,鈴木町_0,大師線,京浜急行電鉄,rail,0.73
湘南台_0,長後_0,江ノ島線,小田急電鉄,rail,1.765
湘南深沢_0,湘南町屋_0,江の島線,湘南モノレール,rail,0.659
溜池山王_0,虎ノ門_0,3号線銀座線,東京地下鉄,rail,0.78
溜池山王_0,赤坂見附_0,3号線銀座線,東京地下鉄,rail,0.747
溝の口_0,高津_0,田園都市線,東急電鉄,rail,0.764
滝不動_0,高根公団_0,松戸線,京成電鉄,rail,1.032
滝野川一丁目_0,西ヶ原四丁目_0,荒川線,東京都,rail,0.424
滝野川一丁目_0,飛鳥山_0,荒川線,東京都,rail,0.352
潮見_0,越中島_0,京葉線,東日本旅客鉄道,rail,2.621
熊野前_0,赤土小学校前_0,日暮里・舎人ライナー,東京都,rail,0.58
熊野前_0,足立小台_0,日暮里・舎人ライナー,東京都,rail,0.71
牛浜_0,福生_0,青梅線,東日本旅客鉄道,rail,1.057
牛込柳町_0,牛込神楽坂_0,12号線大江戸線,東京都,rail,1.021
牛込柳町_0,若松河田_0,12号線大江戸線,東京都,rail,0.658
牛込神楽坂_0,飯田橋_0,12号線大江戸線,東京都,rail,1.006
狭間_0,高尾_0,高尾線,京王電鉄,rail,1.112
獨協大学前_0,草加_0,伊勢崎線,東武鉄道,rail,1.708
玉川上水_0,砂川七番_0,多摩都市モノレール線,多摩都市モノレール,rail,0.977
玉川学園前_0,町田_0,小田原線,小田急電鉄,rail,3.0
玉川学園前_0,鶴川_0,小田原線,小田急電鉄,rail,2.837
王子_0,王子神谷_0,7号線南北線,東京地下鉄,rail,1.233
王子_0,西ヶ原_0,7号線南北線,東京地下鉄,rail,1.113
王子_0,王子_0,東北線,東日本旅客鉄道,rail,0.0
王子_0,王子駅前_0,(walk),(walk),transfer,0.085
王子駅前_0,飛鳥山_0,荒川線,東京都,rail,0.484
瑞江_0,篠崎_0,10号線新宿線,東京都,rail,1.539
生田_0,読売ランド前_0,小田原線,小田急電鉄,rail,1.25
生麦_0,花月総持寺_0,本線,京浜急行電鉄,rail,0.725
産業振興センター_0,福浦_0,金沢シーサイドライン,横浜シーサイドライン,rail,0.577
田原町_0,稲荷町_0,3号線銀座線,東京地下鉄,rail,0.751
田園調布_0,自由が丘_0,東横線,東急電鉄,rail,1.121
田園調布_0,田園調布_0,東横線,東急電鉄,rail,0.0
田奈_0,青葉台_0,田園都市線,東急電鉄,rail,1.454
田奈_0,長津田_0,田園都市線,東急電鉄,rail,1.111
田無_0,西武柳沢_0,新宿線,西武鉄道,rail,1.224
田無_0,花小金井_0,新宿線,西武鉄道,rail,2.361
田町_0,高輪ゲートウェイ_0,東海道線,東日本旅客鉄道,rail,1.269
田端_0,駒込_0,山手線,東日本旅客鉄道,rail,1.461
田端_0,西日暮里_0,東北線,東日本旅客鉄道,rail,0.765
町屋_0,西日暮里_0,9号線千代田線,東京地下鉄,rail,1.667
町屋_0,町屋駅前_0,(walk),(walk),transfer,0.065
町屋_0,荒川七丁目_0,(walk),(walk),transfer,0.295
町屋二丁目_0,町屋駅前_0,荒川線,東京都,rail,0.417
町屋駅前_0,荒川七丁目_0,荒川線,東京都,rail,0.308
町田_0,相模大野_0,小田原線,小田急電鉄,rail,1.476
白井_0,西白井_0,北総線,北総鉄道,rail,2.01
白岡_0,蓮田_0,東北線,東日本旅客鉄道,rail,4.334
白糸台_0,競艇場前_0,多摩川線,西武鉄道,rail,1.518
白金台_0,白金高輪_0,6号線三田線,東京都,rail,1.033
白金台_0,目黒_0,6号線三田線,東京都,rail,1.259
白金高輪_0,麻布十番_0,7号線南北線,東京地下鉄,rail,1.338
百合ヶ丘_0,読売ランド前_0,小田原線,小田急電鉄,rail,1.328
百草園_0,高幡不動_0,京王線,京王電鉄,rail,1.746
百草園_0,聖蹟桜ヶ丘_0,京王線,京王電鉄,rail,1.68
的場_0,笠幡_0,川越線,東日本旅客鉄道,rail,2.855
的場_0,西川越_0,川越線,東日本旅客鉄道,rail,2.317
目白_0,高田馬場_0,山手線,東日本旅客鉄道,rail,0.86
相原_0,相原_0,横浜線,東日本旅客鉄道,rail,0.0
相模原_0,矢部_0,横浜線,東日本旅客鉄道,rail,1.715
相模大野_0,相模大野_0,江ノ島線,小田急電鉄,rail,0.0
県庁前_0,葭川公園_0,1号線,千葉都市モノレール,rail,0.606
矢口渡_0,蒲田_0,東急多摩川線,東急電鉄,rail,1.328
矢向_0,鹿島田_0,南武線,東日本旅客鉄道,rail,1.43
矢川_0,谷保_0,南武線,東日本旅客鉄道,rail,1.445
矢川_0,西国立_0,南武線,東日本旅客鉄道,rail,1.305
矢野口_0,稲田堤_0,南武線,東日本旅客鉄道,rail,1.689
矢野口_0,稲城長沼_0,南武線,東日本旅客鉄道,rail,1.672
石川台_0,雪が谷大塚_0,池上線,東急電鉄,rail,0.658
石川町_0,関内_0,根岸線,東日本旅客鉄道,rail,0.902
石神井公園_0,練馬高野台_0,池袋線,西武鉄道,rail,0.995
神楽坂_0,飯田橋_0,5号線東西線,東京地下鉄,rail,1.159
神泉_0,駒場東大前_0,井の頭線,京王電鉄,rail,0.856
神田_0,秋葉原_0,東北線,東日本旅客鉄道,rail,0.538
神谷町_0,虎ノ門ヒルズ_0,2号線日比谷線,東京地下鉄,rail,0.597
福生_0,羽村_0,青梅線,東日本旅客鉄道,rail,2.003
秋葉原_0,秋葉原_0,東北線,東日本旅客鉄道,rail,0.0
程久保_0,高幡不動_0,多摩都市モノレール線,多摩都市モノレール,rail,0.794
稲城_0,若葉台_0,相模原線,京王電鉄,rail,3.336
稲毛_0,西千葉_0,総武線,東日本旅客鉄道,rail,1.899
立会川_0,鮫洲_0,本線,京浜急行電鉄,rail,0.797
立川_0,立川_0,中央線,東日本旅客鉄道,rail,0.0
立川_0,西国立_0,南武線,東日本旅客鉄道,rail,1.155
立川_0,西立川_0,青梅線,東日本旅客鉄道,rail,1.828
立川_0,立川南_0,(walk),(walk),transfer,0.231
立川_0,立川北_0,(walk),(walk),transfer,0.217
立川北_0,立川南_0,多摩都市モノレール線,多摩都市モノレール,rail,0.389
立川北_0,高松_0,多摩都市モノレール線,多摩都市モノレール,rail,1.181
立飛_0,高松_0,多摩都市モノレール線,多摩都市モノレール,rail,0.581
竹ノ塚_0,西新井_0,伊勢崎線,東武鉄道,rail,2.064
竹ノ塚_0,谷塚_0,伊勢崎線,東武鉄道,rail,2.494
箱根ヶ崎_0,金子_0,八高線,東日本旅客鉄道,rail,4.655
経堂_0,豪徳寺_0,小田原線,小田急電鉄,rail,0.986
緑が丘_0,自由が丘_0,大井町線,東急電鉄,rail,0.965
練馬_0,豊島園_0,豊島線,西武鉄道,rail,0.988
練馬春日町_0,豊島園_0,12号線大江戸線,東京都,rail,1.475
羽沢横浜国大_0,西谷_0,相鉄新横浜線,相模鉄道,rail,2.041
羽田空港第1ターミナル_0,羽田空港第2ターミナル_0,東京モノレール羽田空港線,東京モノレール,rail,0.939
羽田空港第1ターミナル_0,羽田空港第1・第2ターミナル_0,(walk),(walk),transfer,0.13
羽田空港第1・第2ターミナル_0,羽田空港第3ターミナル_0,空港線,京浜急行電鉄,rail,1.858
羽田空港第1・第2ターミナル_0,羽田空港第2ターミナル_0,(walk),(walk),transfer,0.244
習志野_0,薬園台_0,松戸線,京成電鉄,rail,0.902
能見台_0,金沢文庫_0,本線,京浜急行電鉄,rail,2.091
自由が丘_0,都立大学_0,東横線,東急電鉄,rail,1.375
舎人_0,舎人公園_0,日暮里・舎人ライナー,東京都,rail,1.005
舎人_0,見沼代親水公園_0,日暮里・舎人ライナー,東京都,rail,0.99
舎人公園_0,谷在家_0,日暮里・舎人ライナー,東京都,rail,0.886
舞浜_0,葛西臨海公園_0,京葉線,東日本旅客鉄道,rail,2.201
船橋_0,西船橋_0,総武線,東日本旅客鉄道,rail,2.396
船橋法典_0,西船橋_0,武蔵野線,東日本旅客鉄道,rail,2.788
船橋競馬場_0,谷津_0,本線,京成電鉄,rail,1.0
若林_0,西太子堂_0,世田谷線,東急電鉄,rail,0.625
若葉_0,鶴ヶ島_0,東上本線,東武鉄道,rail,1.94
茅場町_0,門前仲町_0,5号線東西線,東京地下鉄,rail,1.808
草加_0,谷塚_0,伊勢崎線,東武鉄道,rail,1.517
荒川一中前_0,荒川区役所前_0,荒川線,東京都,rail,0.325
荒川七丁目_0,荒川二丁目_0,荒川線,東京都,rail,0.399
荒川二丁目_0,荒川区役所前_0,荒川線,東京都,rail,0.394
荒川車庫前_0,荒川遊園地前_0,荒川線,東京都,rail,0.423
荻窪_0,西荻窪_0,中央線,東日本旅客鉄道,rail,1.883
荻窪_0,阿佐ヶ谷_0,中央線,東日本旅客鉄道,rail,1.413
萩山_0,青梅街道_0,多摩湖線,西武鉄道,rail,1.133
落合_0,高田馬場_0,5号線東西線,東京地下鉄,rail,1.817
葛西_0,西葛西_0,5号線東西線,東京地下鉄,rail,1.175
蒲田_0,蓮沼_0,池上線,東急電鉄,rail,0.67
蓮根_0,西台_0,6号線三田線,東京都,rail,0.801
蔵前_0,蔵前_0,12号線大江戸線,東京都,rail,0.0
蕨_0,西川口_0,東北線,東日本旅客鉄道,rail,1.871
藤が丘_0,青葉台_0,田園都市線,東急電鉄,rail,0.935
藤代_0,龍ケ崎市_0,常磐線,東日本旅客鉄道,rail,2.184
蘇我_0,蘇我_0,京葉線,東日本旅客鉄道,rail,0.0
蘇我_0,鎌取_0,外房線,東日本旅客鉄道,rail,5.217
虎ノ門ヒルズ_0,霞ヶ関_0,2号線日比谷線,東京地下鉄,rail,0.786
表参道_0,青山一丁目_0,11号線半蔵門線,東京地下鉄,rail,1.415
袖ヶ浦_0,長浦_0,内房線,東日本旅客鉄道,rail,4.028
西ヶ原_0,駒込_0,7号線南北線,東京地下鉄,rail,1.379
西八王子_0,高尾_0,中央線,東日本旅客鉄道,rail,3.083
西台_0,高島平_0,6号線三田線,東京都,rail,1.052
西府_0,谷保_0,南武線,東日本旅客鉄道,rail,1.626
西新井大師西_0,谷在家_0,日暮里・舎人ライナー,東京都,rail,0.834
西新宿五丁目_0,都庁前_0,12号線大江戸線,東京都,rail,0.746
西日暮里_0,赤土小学校前_0,日暮里・舎人ライナー,東京都,rail,1.044
西早稲田_0,雑司が谷_0,13号線副都心線,東京地下鉄,rail,1.475
西武園ゆうえんち_0,西武球場前_0,山口線,西武鉄道,rail,2.44
西武新宿_0,高田馬場_0,新宿線,西武鉄道,rail,1.849
西立川_0,西立川_0,青梅線,東日本旅客鉄道,rail,0.0
西船橋_0,西船橋_0,総武線,東日本旅客鉄道,rail,0.0
西調布_0,飛田給_0,京王線,京王電鉄,rail,0.606
西調布_0,調布_0,京王線,京王電鉄,rail,1.515
西谷_0,鶴ヶ峰_0,相鉄本線,相模鉄道,rail,1.504
西馬込_0,馬込_0,1号線浅草線,東京都,rail,1.145
誉田_0,鎌取_0,外房線,東日本旅客鉄道,rail,3.639
豊洲_0,辰巳_0,8号線有楽町線,東京地下鉄,rail,1.684
赤坂見附_0,青山一丁目_0,3号線銀座線,東京地下鉄,rail,1.41
赤羽_0,赤羽_0,東北線,東日本旅客鉄道,rail,0.0
赤羽橋_0,麻布十番_0,12号線大江戸線,東京都,rail,0.754
追浜_0,金沢八景_0,本線,京浜急行電鉄,rail,1.917
逆井_0,高柳_0,野田線,東武鉄道,rail,2.187
都庁前_0,都庁前_0,12号線大江戸線,東京都,rail,0.0
都立家政_0,野方_0,新宿線,西武鉄道,rail,0.787
都立家政_0,鷺ノ宮_0,新宿線,西武鉄道,rail,0.511
都電雑司ヶ谷_0,鬼子母神前_0,荒川線,東京都,rail,0.458
野島公園_0,金沢八景_0,金沢シーサイドライン,横浜シーサイドライン,rail,1.189
金沢八景_0,金沢文庫_0,本線,京浜急行電鉄,rail,1.36
銀座_0,霞ヶ関_0,4号線丸ノ内線,東京地下鉄,rail,1.083
鎌ヶ谷_0,馬込沢_0,野田線,東武鉄道,rail,2.499
長後_0,高座渋谷_0,江ノ島線,小田急電鉄,rail,2.211
阿佐ヶ谷_0,高円寺_0,中央線,東日本旅客鉄道,rail,1.254
雑司が谷_0,鬼子母神前_0,(walk),(walk),transfer,0.058
霞ヶ関_1,鶴ヶ島_0,東上本線,東武鉄道,rail,2.209
青井_0,青井_0,常磐新線,首都圏新都市鉄道,rail,0.0
青物横丁_0,鮫洲_0,本線,京浜急行電鉄,rail,0.485
馬喰横山_0,馬喰町_0,(walk),(walk),transfer,0.158
高根公団_0,高根木戸_0,松戸線,京成電鉄,rail,0.657
鶯谷_0,鶯谷_0,東北線,東日本旅客鉄道,rail,0.0
鶴見_0,鶴見_0,東海道線,東日本旅客鉄道,rail,0.0
